备案号,药品通用名称,药品批准文号,上市许可持有人,上市许可持有人地址,生产企业名称,生产企业地址,代理机构,代理机构地址,备案内容,备案日期,备案机关,备注,注
国备2025000445,中文：盐酸达泊西汀片;英文/拉丁文：Dapoxetine Hydrochloride Tablet,国药准字HJ20150564,中文名称：/;英文名称：Berlin-Chemie AG,Glienicker Weg 125 12489 Berlin Federal Republic of Germany,中文名称：/;英文名称：Menarini-Von Heyden GmbH,Leipziger Straβe 7-13 01097 Dresden Federal Republic of Germany,美纳里尼（中国）投资有限公司,武汉东湖新技术开发区高新大道666号B13栋5层,修订供应商Olon S.p.A.生产的盐酸达泊西汀原料药的起始物料DAPO-03质量标准中光学纯度检测项(R)-异构体的限度。详见申报资料。,2025-03-13,国家药品监督管理局药品审评中心,经审查，根据《已上市化学药品药学变更研究技术指导原则（试行）》，放宽已批准起始物料标准中的异构体限度属于中重大变更，请以补充申请进行递交。取消本次备案。
国备2025000359,中文：氯替泼诺混悬滴眼液;英文/拉丁文：Loteprednol Etabonate Ophthalmic Suspension,国药准字HJ20180059,中文名称：无;英文名称：Bausch & Lomb Incorporated,"400 Somerset Corporate Blvd, Bridgewater, NJ 08807 USA",中文名称：无;英文名称：Bausch & Lomb Incorporated,"8500 Hidden River Parkway, Tampa, Florida 33637",山东博士伦福瑞达制药有限公司,济南市高新技术开发区新泺大街789号,"1. 原料药氯替泼诺供应商地址由通讯地址“Z.I. La Croix-Cadeau, B.P. 10079 49242 Avrille Cedex, France”变更为生产地址“Z.I. La Croix Cadeau 49240 Avrille, France”，供应商实际生产地址不变；
2. 包材供应商名称由“Amcor Rigid Plastics USA, LLC”变更为“Amcor Rigid Packaging USA, LLC”，供应商主体及实际生产地址不变。",2025-03-06,国家药品监督管理局药品审评中心,已备案
国备2025000096,中文：多磺酸粘多糖乳膏;英文/拉丁文：Mucopolysaccharide Polysulfate Cream,国药准字HJ20160602,中文名称：/;英文名称：Bridging Pharma GmbH,"Churerstrasse 35, 8807 Freienbach",中文名称：/;英文名称：Mobilat Produktions GmbH；Wagener & Co. GmbH,"Luitpoldstraβe 1, 85276 Pfaffenhofen/Ilm；Lohesch 60 49525 Lengerich",深圳市康哲生物科技有限公司,深圳市南山区南头街道马家龙社区南山大道3186号莲花广场B栋801,根据国家药监局发布的《境外药品上市许可持有人指定境内责任人管理暂行规定》公告（2024年第137号），本品境外持有人指定本品境内责任人为“海南康哲美丽科技有限公司”。说明书相应更新：新增【境内责任人】信息，含名称、地址、联系方式，同时删除说明书中【国内联系方式】项。修订境内责任人后的说明书不晚于2025年7月1日执行。,2025-01-23,国家药品监督管理局药品审评中心,已备案。请关注：境外持有人应当按照《国家药监局关于发布〈境外药品上市许可持有人指定境内责任人管理暂行规定〉的公告》（2024年第137号）要求，向所在地省、自治区、直辖市药品监督管理部门报告其指定的境内责任人。
国备2025000095,中文：多磺酸粘多糖乳膏;英文/拉丁文：Mucopolysaccharide Polysulfate Cream,国药准字HJ20160601,中文名称：/;英文名称：Bridging Pharma GmbH,"Churerstrasse 35, 8807 Freienbach",中文名称：/;英文名称：Mobilat Produktions GmbH；Wagener & Co. GmbH,"Luitpoldstraβe 1, 85276 Pfaffenhofen/Ilm；Lohesch 60 49525 Lengerich",深圳市康哲生物科技有限公司,深圳市南山区南头街道马家龙社区南山大道3186号莲花广场B栋801,根据国家药监局发布的《境外药品上市许可持有人指定境内责任人管理暂行规定》公告（2024年第137号），本品境外持有人指定本品境内责任人为“海南康哲美丽科技有限公司”。说明书相应更新：新增【境内责任人】信息，含名称、地址、联系方式，同时删除说明书中【国内联系方式】项。修订境内责任人后的说明书不晚于2025年7月1日执行。,2025-01-23,国家药品监督管理局药品审评中心,已备案。请关注：境外持有人应当按照《国家药监局关于发布〈境外药品上市许可持有人指定境内责任人管理暂行规定〉的公告》（2024年第137号）要求，向所在地省、自治区、直辖市药品监督管理部门报告其指定的境内责任人。
国备2025000232,中文：那屈肝素钙注射液;英文/拉丁文：Nadroparin Calcium Injection,国药准字H20181137,中文名称：无;英文名称：Aspen Pharma Trading Limited,"3016 Lake Drive, Citywest Business Campus, Dublin 24, Ireland",中文名称：无;英文名称：ASPEN Notre Dame de Bondeville,"1 rue de I'Abbaye, 76960 NOTRE-DAME-DE-BONDEVILLE，France",广州爱施健贸易咨询有限公司,广州市天河区珠江西路10号2101房（部位：自编01-06单元）,"包材生产厂Nuova Ompi S.r.l. Unipersonale增加一个新产地：Via Rocco del Prete, 504012 Cisterna di Latina (LT) Italy",2025-02-21,国家药品监督管理局药品审评中心,已备案
国备2025000234,中文：那屈肝素钙注射液;英文/拉丁文：Nadroparin Calcium Injection,国药准字H20181136,中文名称：无;英文名称：Aspen Pharma Trading Limited,"3016 Lake Drive, Citywest Business Campus, Dublin 24, Ireland",中文名称：无;英文名称：ASPEN Notre Dame de Bondeville,"1 rue de I'Abbaye, 76960 NOTRE-DAME-DE-BONDEVILLE，France",广州爱施健贸易咨询有限公司,广州市天河区珠江西路10号2101房（部位：自编01-06单元）,"包材生产厂Nuova Ompi S.r.l. Unipersonale增加一个新产地：Via Rocco del Prete, 504012 Cisterna di Latina (LT) Italy",2025-02-21,国家药品监督管理局药品审评中心,已备案
Y国备2025000333,中文：美沙拉秦;英文/拉丁文：Mesalazine,Y20200000797,中文名称：/;英文名称：BEC CHEMICALS PVT. LTD.,"24, MIDC, DHATAV, ROHA, DIST-RAIGAD RAIGAD 402116 MAHARASHTRA STATE, INDIA",中文名称：/;英文名称：BEC CHEMICALS PVT. LTD.,"24, MIDC, DHATAV, ROHA, DIST-RAIGAD RAIGAD 402116 MAHARASHTRA STATE, INDIA",山东国茂企业管理有限公司,山东省青岛市市北区南京路377号,（1）变更阶段-1和阶段-2的反应条件（温度和时间等）；（2）阶段-1新增接收罐RCV-215的使用；（3）阶段-2新增离心机CF-212的使用；（4）阶段-3将FP-200替换为FP-201，并增加PF-224的使用；（5）苯胺的标准中将溶解度和含量作为跳检项目控制。,2025-03-04,国家药品监督管理局药品审评中心,已备案
国备2025000337,中文：酒石酸伐尼克兰鼻喷雾剂;英文/拉丁文：Varenicline Tartrate Nasal Spray,国药准字HJ20240138,"中文名称：/;英文名称：Oyster Point Pharma, Inc.","202 Carnegie Center, Suite 106, Princeton, NJ 08540 United States of America","中文名称：/;英文名称：Renaissance Lakewood, LLC","1200 Paco Way, Lakewood, NJ 08701 United States of America",武汉远大制药集团销售有限公司,武汉市硚口区硚口路160号武汉城市广场第1幢23层2-6号,变更境外生产药品注册代理机构，将原代理机构箕星药业科技（上海）有限公司变更为武汉远大制药集团销售有限公司，同时将说明书及标签中境内联系人名称变更为武汉远大制药集团销售有限公司，注册地址变更为武汉市硚口区硚口路160号武汉城市广场第1幢23层2-6号，说明书中境内联系人邮政编码改为430000，电话号码改为400-990-9697，网址改为https://www.grandpharm.com.,2025-03-04,国家药品监督管理局药品审评中心,已备案
Y国备2025000356,中文：舒更葡糖钠;英文/拉丁文：Sugammadex Sodium,Y20200001174,中文名称：无;英文名称：Dr.Reddy‘s Laboratories Ltd.,"8-2-337, Road No.3, Banjara Hills, Hyderabad-500 034, Telangana, India",中文名称：无;英文名称：Dr.Reddy‘s Laboratories Ltd.,"Chemical Technical Operations Unit – VI,　APIIC Industrial Estate, Pydibhimavaram Village, Ranasthalam Mandal, Srikakulam District - 532 409, Andhra Pradesh, India",瑞迪博士（北京）药业有限公司,北京市朝阳区建国路91号院8号楼15层1509单元,1、在原批准批量的基础上，扩大生产批量；2、与扩大生产批量变更相关的工艺参数、生产区域（变更后的生产区域是已批准的生产场地的一部分）、设备、中控等变更；3、部分物料的质量标准和分析方法变更,2025-03-06,国家药品监督管理局药品审评中心,已备案
国备2025000017,中文：舒筋健络油;英文/拉丁文：Shu Gunn Jen Lok Medicated Oil,国药准字ZC20140011,中文名称：京都养生堂制药厂有限公司;英文名称：JING DU YANG SHENG TANG CHINESE HERBAL MANUFACTURING LIMITED,香港新界青衣长达路14-20号伟力工业大厦A座9楼1-12室,中文名称：京都养生堂制药厂有限公司;英文名称：JING DU YANG SHENG TANG CHINESE HERBAL MANUFACTURING LIMITED,香港新界青衣长达路14-20号伟力工业大厦A座9楼1-12室,海南爱欣药业有限公司,海南省海口市秀英区药谷二期药谷二路4号研发楼二楼,50mL包装规格 说明书修订如下： 1.【执行标准】药品注册标准编号由“JZ20201000 ”修订为“JZ20240002”； 2.【生产企业】传真由“（852） 3743 0395”修订为“（852） 3521 0274”； 3.【生产企业】网址由“http://www.jdyst.com”修订为“http://www.hkjdyst.com”； 4.[Product Registration Standard]由“JZ20201000 ”修订为“JZ20240002”； 5.[Manufacturer] Fax由“（852） 3743 0395”修订为“（852） 3521 0274”； 6.[Manufacturer]Website“http://www.jdyst.com”修订“http://www.hkjdyst.com”； 7.删除版本号“INS(JLO50CN)-2”,2025-01-09,国家药品监督管理局药品审评中心,已备案
国备2025000265,中文：甲氨蝶呤注射液;英文/拉丁文：Methotrexate Injection,国药准字HJ20233144,中文名称：/;英文名称：medac Gesellschaft für klinische Spezialpräparate mbH,"Theaterstraße 6, 22880 Wedel, Germany",中文名称：/;英文名称：Oncotec Pharma Produktion GmbH,"Am Pharmapark, 06861 Dessau-Roßlau, Germany",深圳市康哲生物科技有限公司,深圳市南山区南头街道马家龙社区南山大道3186号莲花广场B栋801,1. 对本品增加直接接触药品的包材供应商，变更前后包材尺寸、材质和质量一致。该供应商包材已通过关联审评审批，包材登记名称为“预灌封注射器组合件（带注射针）”，新增供应商为Nipro PharmaPackaging International，登记号为B20190000417（状态“A”）。2. 变更制剂厂的原料药内控标准中残留溶剂项的分析方法，残留溶剂项的限度保持不变，原料药供应商的分析方法和限度不变。,2025-02-26,国家药品监督管理局药品审评中心,已备案
国备2025000264,中文：甲氨蝶呤注射液;英文/拉丁文：Methotrexate Injection,国药准字HJ20233143,中文名称：/;英文名称：medac Gesellschaft für klinische Spezialpräparate mbH,"Theaterstraße 6, 22880 Wedel, Germany",中文名称：/;英文名称：Oncotec Pharma Produktion GmbH,"Am Pharmapark, 06861 Dessau-Roßlau, Germany",深圳市康哲生物科技有限公司,深圳市南山区南头街道马家龙社区南山大道3186号莲花广场B栋801,1. 对本品增加直接接触药品的包材供应商，变更前后包材尺寸、材质和质量一致。该供应商包材已通过关联审评审批，包材登记名称为“预灌封注射器组合件（带注射针）”，新增供应商为Nipro PharmaPackaging International，登记号为B20190000417（状态“A”）。2. 变更制剂厂的原料药内控标准中残留溶剂项的分析方法，残留溶剂项的限度保持不变，原料药供应商的分析方法和限度不变。,2025-02-26,国家药品监督管理局药品审评中心,已备案
国备2025000263,中文：甲氨蝶呤注射液;英文/拉丁文：Methotrexate Injection,国药准字HJ20233142,中文名称：/;英文名称：medac Gesellschaft für klinische Spezialpräparate mbH,"Theaterstraße 6, 22880 Wedel, Germany",中文名称：/;英文名称：Oncotec Pharma Produktion GmbH,"Am Pharmapark, 06861 Dessau-Roßlau, Germany",深圳市康哲生物科技有限公司,深圳市南山区南头街道马家龙社区南山大道3186号莲花广场B栋801,1. 对本品增加直接接触药品的包材供应商，变更前后包材尺寸、材质和质量一致。该供应商包材已通过关联审评审批，包材登记名称为“预灌封注射器组合件（带注射针）”，新增供应商为Nipro PharmaPackaging International，登记号为B20190000417（状态“A”）。2. 变更制剂厂的原料药内控标准中残留溶剂项的分析方法，残留溶剂项的限度保持不变，原料药供应商的分析方法和限度不变。,2025-02-26,国家药品监督管理局药品审评中心,已备案
国备2025000262,中文：甲氨蝶呤注射液;英文/拉丁文：Methotrexate Injection,国药准字HJ20233141,中文名称：/;英文名称：medac Gesellschaft für klinische Spezialpräparate mbH,"Theaterstraße 6, 22880 Wedel, Germany",中文名称：/;英文名称：Oncotec Pharma Produktion GmbH,"Am Pharmapark, 06861 Dessau-Roßlau, Germany",深圳市康哲生物科技有限公司,深圳市南山区南头街道马家龙社区南山大道3186号莲花广场B栋801,1. 对本品增加直接接触药品的包材供应商，变更前后包材尺寸、材质和质量一致。该供应商包材已通过关联审评审批，包材登记名称为“预灌封注射器组合件（带注射针）”，新增供应商为Nipro PharmaPackaging International，登记号为B20190000417（状态“A”）。2. 变更制剂厂的原料药内控标准中残留溶剂项的分析方法，残留溶剂项的限度保持不变，原料药供应商的分析方法和限度不变。,2025-02-26,国家药品监督管理局药品审评中心,已备案
国备2025000261,中文：甲氨蝶呤注射液;英文/拉丁文：Methotrexate Injection,国药准字HJ20233140,中文名称：/;英文名称：medac Gesellschaft für klinische Spezialpräparate mbH,"Theaterstraße 6, 22880 Wedel, Germany",中文名称：/;英文名称：Oncotec Pharma Produktion GmbH,"Am Pharmapark, 06861 Dessau-Roßlau, Germany",深圳市康哲生物科技有限公司,深圳市南山区南头街道马家龙社区南山大道3186号莲花广场B栋801,1. 对本品增加直接接触药品的包材供应商，变更前后包材尺寸、材质和质量一致。该供应商包材已通过关联审评审批，包材登记名称为“预灌封注射器组合件（带注射针）”，新增供应商为Nipro PharmaPackaging International，登记号为B20190000417（状态“A”）。2. 变更制剂厂的原料药内控标准中残留溶剂项的分析方法，残留溶剂项的限度保持不变，原料药供应商的分析方法和限度不变。,2025-02-26,国家药品监督管理局药品审评中心,已备案
国备2025000260,中文：甲氨蝶呤注射液;英文/拉丁文：Methotrexate Injection,国药准字HJ20233139,中文名称：/;英文名称：medac Gesellschaft für klinische Spezialpräparate mbH,"Theaterstraße 6, 22880 Wedel, Germany",中文名称：/;英文名称：Oncotec Pharma Produktion GmbH,"Am Pharmapark, 06861 Dessau-Roßlau, Germany",深圳市康哲生物科技有限公司,深圳市南山区南头街道马家龙社区南山大道3186号莲花广场B栋801,1. 对本品增加直接接触药品的包材供应商，变更前后包材尺寸、材质和质量一致。该供应商包材已通过关联审评审批，包材登记名称为“预灌封注射器组合件（带注射针）”，新增供应商为Nipro PharmaPackaging International，登记号为B20190000417（状态“A”）。2. 变更制剂厂的原料药内控标准中残留溶剂项的分析方法，残留溶剂项的限度保持不变，原料药供应商的分析方法和限度不变。,2025-02-26,国家药品监督管理局药品审评中心,已备案
国备2025000308,中文：卡左双多巴缓释片;英文/拉丁文：Carbidopa and Levodopa Sustained-release Tablets,国药准字HJ20160371,中文名称：无;英文名称：ORGANON Healthcare GmbH,Pestalozzistr. 31 ，80469 Munich， Federal Republic of Germany,中文名称：无;英文名称：Savio Industrial S.r.L.,"Via Emilia 21, 27100 Pavia, Italy",欧加隆（上海）医药科技有限公司,中国（上海）自由贸易试验区东育路255弄4号A栋5层503单元（名义楼层， 实际楼层4层）,"上市许可持有人地址变更为 Pestalozzistr. 31 ，80469 Munich， Federal Republic of Germany，从现行批准的Neuturmstr. 5, 80331 München, Germany，只是地址变更其他未变更。",2025-03-01,国家药品监督管理局药品审评中心,已备案
国备2025000050,中文：盐酸非索非那定片;英文/拉丁文：Fexofenadine Hydrochloride Tablets,国药准字HJ20210011,中文名称：/;英文名称：OPELLA HEALTHCARE FRANCE SAS,"157 avenue Charles de Gaulle 92200 Neuilly Sur Seine, France",中文名称：/;英文名称：SANOFI WINTHROP INDUSTRIE,"30-36 AVENUE GUSTAVE EIFFEL,37100 TOURS, FRANCE",欧彼乐健康科技（上海）有限公司,上海市静安区西康路300号807-808室,盐酸非索非那定片（120mg）于2025年1月6日完成大包装规格备案（备案号：国备2024002967），现申请由赛诺菲（杭州）制药有限公司进行分包装，分包装工艺为：铝塑板和说明书装入小盒后装箱，包装规格为：每盒 10片。,2025-01-28,国家药品监督管理局药品审评中心,已备案
国备2025000106,中文：活络油;英文/拉丁文：/,国药准字ZC20160011,中文名称：英吉利制药厂有限公司;英文名称：YING KUT LEE MEDICINE FTY. LTD.,香港九龙大角咀埃华街28号永利工业大厦13字楼A座,中文名称：英吉利制药厂有限公司;英文名称：YING KUT LEE MEDICINE FTY. LTD.,九龙油塘高辉道17号油塘工业城B2座11字楼8，9，12室,北京佳禾乐康科技有限公司,北京市丰台区航丰路8号院2号楼-1层21号,本品有效期由“24个月”变更为“36个月”，同时对药品说明书及包装标签中【有效期】项做相应修订。,2025-01-24,国家药品监督管理局药品审评中心,已备案
国备2025000444,中文：盐酸达泊西汀片;英文/拉丁文：Dapoxetine Hydrochloride Tablet,国药准字HJ20150563,中文名称：/;英文名称：Berlin-Chemie AG,Glienicker Weg 125 12489 Berlin Federal Republic of Germany,中文名称：/;英文名称：Menarini-Von Heyden GmbH,Leipziger Straβe 7-13 01097 Dresden Federal Republic of Germany,美纳里尼（中国）投资有限公司,武汉东湖新技术开发区高新大道666号B13栋5层,修订供应商Olon S.p.A.生产的盐酸达泊西汀原料药的起始物料DAPO-03质量标准中光学纯度检测项(R)-异构体的限度。详见申报资料。,2025-03-13,国家药品监督管理局药品审评中心,经审查，根据《已上市化学药品药学变更研究技术指导原则（试行）》，放宽已批准起始物料标准中的异构体限度属于中重大变更，请以补充申请进行递交。取消本次备案。
国备2025000085,中文：托珠单抗注射液;英文/拉丁文：Tocilizumab Injection,国药准字SJ20171024,中文名称：-;英文名称：Roche Pharma (Schweiz) AG,"Grenzacherstrasse 124, 4058 Basel, Switzerland",中文名称：-;英文名称：Chugai Pharma Manufacturing Co. Ltd.,"16-3, Kiyohara Kogyodanchi, Utsunomiya-city, Tochigi, 321-3231, Japan",罗氏（中国）投资有限公司,中国（上海）自由贸易试验区龙东大道1100号4号楼,"1. 新增UV/斜率光谱法方法作为原液企业内部放行和稳定性试验中蛋白含量测定的可选替代方法，药品注册标准中蛋白质含量检测方法不变。
2. 原液生产中PHCCF步骤的常规过程控制中，删除钩端螺旋体检测项。
3. 原液生产中PHCCF步骤的常规过程控制中，新增啮齿动物细小病毒实时PCR法作为当前啮齿动物细小病毒的可选替代检测方法。
4. 增加Chugai Ukima场所作为MCB/WCB的贮存场所，并将MCB的制备地址信息由Utsunomiya更正为Ukima. 
5.删除药品注册标准中“生产厂”项的相关描述信息。 
6.根据上述变更，修订制造和检定规程，修订药品注册标准。",2025-01-22,国家药品监督管理局药品审评中心,已备案
国备2025000084,中文：托珠单抗注射液;英文/拉丁文：Tocilizumab Injection,国药准字SJ20171024,中文名称：-;英文名称：Roche Pharma (Schweiz) AG,"Grenzacherstrasse 124, 4058 Basel, Switzerland",中文名称：-;英文名称：Chugai Pharma Manufacturing Co. Ltd.,"16-3, Kiyohara Kogyodanchi, Utsunomiya-city, Tochigi, 321-3231, Japan",罗氏（中国）投资有限公司,中国（上海）自由贸易试验区龙东大道1100号4号楼,"1. 新增UV/斜率光谱法方法作为原液企业内部放行和稳定性试验中蛋白含量测定的可选替代方法，药品注册标准中蛋白质含量检测方法不变。
2. 原液生产中PHCCF步骤的常规过程控制中，删除钩端螺旋体检测项。
3. 原液生产中PHCCF步骤的常规过程控制中，新增啮齿动物细小病毒实时PCR法作为当前啮齿动物细小病毒的可选替代检测方法。
4. 增加Chugai Ukima场所作为MCB/WCB的贮存场所，并将MCB的制备地址信息由Utsunomiya更正为Ukima. 
5.删除药品注册标准中“生产厂”项的相关描述信息。 
6.根据上述变更，修订制造和检定规程，修订药品注册标准。",2025-01-22,国家药品监督管理局药品审评中心,已备案
Y国备2025000038,中文：氨己烯酸;英文/拉丁文：Vigabatrin,Y20190000320,中文名称：MSN Laboratories Private Limited;英文名称：MSN Laboratories Private Limited,"Sy. No. 317, 320, 321, 322, 323, 604 & 605, Rudraram (Village), Patancheru (Mandal), Sangareddy District, Telangana, Pincode: 502 329, India.",中文名称：MSN Laboratories Private Limited;英文名称：MSN Laboratories Private Limited,"Sy. No. 317, 320, 321, 322, 323, 604 & 605, Rudraram (Village), Patancheru (Mandal), Sangareddy District, Telangana, Pincode: 502 329, India.",颐德药业（上海）有限公司,中国（上海）自由贸易试验区华申路198号1幢四层C-22室,申请延长氨己烯酸原料药的有效期，由24个月延长至60个月,2025-01-11,国家药品监督管理局药品审评中心,已备案
国备2025000287,中文：米曲菌胰酶片;英文/拉丁文：Oryz-Aspergillus Enzyme And Pancreatin Tablet,国药准字HJ20170092,中文名称：/;英文名称：Bridging Pharma GmbH,"Churerstrasse 35, 8807 Freienbach, Switzerland",中文名称：/;英文名称：Nordmark Pharma GmbH,"Pinnauallee 4, 25436 Uetersen, Germany",深圳市康哲生物科技有限公司,深圳市南山区南头街道马家龙社区南山大道3186号莲花广场B栋801,根据国家药监局关于发布《境外药品上市许可持有人指定境内责任人管理暂行规定》的公告（2024年第137号），指定本品境内责任人为康哲（湖南）制药有限公司，说明书中新增境内责任人信息，含名称、地址、联系方式。修订境内责任人后的说明书不晚于2025年7月1日执行。,2025-02-27,国家药品监督管理局药品审评中心,已备案。请关注：境外持有人应当按照《国家药监局关于发布〈境外药品上市许可持有人指定境内责任人管理暂行规定〉的公告》（2024年第137号）要求，向所在地省、自治区、直辖市药品监督管理部门报告其指定的境内责任人。
国备2025000141,中文：蔗糖羟基氧化铁咀嚼片;英文/拉丁文：Sucroferric Oxyhydroxide Chewable Tablets,国药准字HJ20233131,中文名称：无;英文名称：Vifor Fresenius Medical Care Renal Pharma Ltd.,"Rechenstrasse 37, 9014 St. Gallen, Switzerland",中文名称：无;英文名称：Corden Pharma Fribourg SA,"Route de Moncor 10, 1752 Villars-sur-Glâne, Switzerland",深圳市康哲生物科技有限公司,深圳市南山区南头街道马家龙社区南山大道3186号莲花广场B栋801,本次申请备案事项如下：根据国家药监局发布的《境外药品上市许可持有人指定境内责任人管理暂行规定》的要求，指定本品境内责任人为深圳市康哲药业有限公司，删除本品说明书【境内联系人】项下的信息，新增【境内责任人】项，含名称、地址、邮政编码、电话和传真号码、网址信息。修订境内责任人后的说明书不晚于2025年07月01日执行。,2025-01-28,国家药品监督管理局药品审评中心,已备案。请关注：境外持有人应当按照《国家药监局关于发布〈境外药品上市许可持有人指定境内责任人管理暂行规定〉的公告》（2024年第137号）要求，向所在地省、自治区、直辖市药品监督管理部门报告其指定的境内责任人。
Y国备2025000064,中文：盐酸利多卡因;英文/拉丁文：Lidocaine Hydrochloride,Y20170000792,中文名称：----;英文名称：SWATI SPENTOSE PVT. LTD.,"114 Marine Chambers, 11, New Marine Lines, Mumbai-400020, INDIA",中文名称：----;英文名称：SWATI SPENTOSE PVT. LTD.,"A-1/2102, 2103 & A-2/2120, PHASE-3, GIDC, VAPI - 396 195, DIST -VALSAD",广州安信医药有限公司,广州市黄埔区科学城揽月路80号科技创新基地D区第6层610-612单元、614-616单元。,本次备案申请增加新的包装规格：1kg/桶，5kg/桶，10kg/桶，15kg/桶，20kg/桶；已批准的包装规格为：25kg/桶；即变更后的包装规格为：1kg/桶，5kg/桶，10kg/桶，15kg/桶，20kg/桶，25kg/桶。,2025-01-17,国家药品监督管理局药品审评中心,已备案
国备2025000307,中文：卡左双多巴缓释片;英文/拉丁文：Carbidopa and Levodopa Sustained-release Tablets,国药准字HJ20160372,中文名称：无;英文名称：ORGANON Healthcare GmbH,Pestalozzistr. 31 ，80469 Munich， Federal Republic of Germany,中文名称：无;英文名称：Savio Industrial S.r.L.,"Via Emilia 21, 27100 Pavia, Italy",欧加隆（上海）医药科技有限公司,中国（上海）自由贸易试验区东育路255弄4号A栋5层503单元（名义楼层， 实际楼层4层）,"1， 上市许可持有人地址变更为 Pestalozzistr. 31 ，80469 Munich， Federal Republic of Germany，从现行批准的Neuturmstr. 5, 80331 München, Germany，只是地址变更其他未变更。
2， 相应更新进口药品说明书中上市许可持有人地址。",2025-03-01,国家药品监督管理局药品审评中心,已备案
Y国备2025000221,中文：长春胺;英文/拉丁文：Vincamine,Y20190009145,"中文名称：西班牙考维克斯公司;英文名称：COVEX, S.A.","c/Acero, 25 - Polígono Industrial Sur, Colmenar Viejo, 28770 Madrid España","中文名称：西班牙考维克斯公司;英文名称：COVEX, S.A.","c/Acero, 25 - Polígono Industrial Sur, Colmenar Viejo, 28770 Madrid España",芜湖熊岭国际贸易有限公司,安徽省芜湖市弋江区中南街道华仑外滩中心写字楼18楼01-04室,拟变更境外生产原料药长春胺（登记号：Y20190009147，Y20190009146，Y20190009145）的注册代理机构，由原注册代理机构“仙桃市先锋医药有限公司”变更为“芜湖熊岭国际贸易有限公司”，改变不涉及技术审评的药品注册证书（含原料药批准通知书）载明事项,2025-02-20,国家药品监督管理局药品审评中心,已备案
,,,,,,,,,,,,
国备2025000266,中文：甲氨蝶呤注射液;英文/拉丁文：Methotrexate Injection,国药准字HJ20233145,中文名称：/;英文名称：medac Gesellschaft für klinische Spezialpräparate mbH,"Theaterstraße 6, 22880 Wedel, Germany",中文名称：/;英文名称：Oncotec Pharma Produktion GmbH,"Am Pharmapark, 06861 Dessau-Roßlau, Germany",深圳市康哲生物科技有限公司,深圳市南山区南头街道马家龙社区南山大道3186号莲花广场B栋801,1. 对本品增加直接接触药品的包材供应商，变更前后包材尺寸、材质和质量一致。该供应商包材已通过关联审评审批，包材登记名称为“预灌封注射器组合件（带注射针）”，新增供应商为Nipro PharmaPackaging International，登记号为B20190000417（状态“A”）。2. 变更制剂厂的原料药内控标准中残留溶剂项的分析方法，残留溶剂项的限度保持不变，原料药供应商的分析方法和限度不变。,2025-02-26,国家药品监督管理局药品审评中心,已备案
国备2025000131,中文：厄达替尼片;英文/拉丁文：Erdafitinib Tablets,国药准字HJ20250008,中文名称：/;英文名称：Janssen-Cilag International NV,"Turnhoutseweg 30, B-2340 Beerse, Belgium",中文名称：/;英文名称：Janssen-Cilag SpA,"Via C. Janssen, Borgo San Michele, 04100 Latina, Italy",西安杨森制药有限公司,陕西省西安市高新区草堂科技产业基地草堂四路19号，陕西省西安市高新区高新五路4号汇诚国际17F,将本品境内注册代理机构从“强生制药有限公司，地址：北京市顺义区金航东路3号院11号楼610室（天竺综合保税区）”变更为“西安杨森制药有限公司，地址：陕西省西安市高新区草堂科技产业基地草堂四路19号，陕西省西安市高新区高新五路4号汇诚国际17F”。,2025-01-27,国家药品监督管理局药品审评中心,已备案
国备2025000360,中文：氯替泼诺混悬滴眼液;英文/拉丁文：Loteprednol Etabonate Ophthalmic Suspension,国药准字HJ20191002,中文名称：无;英文名称：Bausch & Lomb Incorporated,"400 Somerset Corporate Blvd, Bridgewater, NJ 08807 USA",中文名称：无;英文名称：Bausch & Lomb Incorporated,"8500 Hidden River Parkway, Tampa, Florida 33637",山东博士伦福瑞达制药有限公司,济南市高新技术开发区新泺大街789号,"1. 原料药氯替泼诺供应商地址由通讯地址“Z.I. La Croix-Cadeau, B.P. 10079 49242 Avrille Cedex, France”变更为生产地址“Z.I. La Croix Cadeau 49240 Avrille, France”，供应商实际生产地址不变；
2. 包材供应商名称由“Amcor Rigid Plastics USA, LLC”变更为“Amcor Rigid Packaging USA, LLC”，供应商主体及实际生产地址不变。",2025-03-06,国家药品监督管理局药品审评中心,已备案
国备2025000130,中文：厄达替尼片;英文/拉丁文：Erdafitinib Tablets,国药准字HJ20250007,中文名称：/;英文名称：Janssen-Cilag International NV,"Turnhoutseweg 30, B-2340 Beerse, Belgium",中文名称：/;英文名称：Janssen-Cilag SpA,"Via C. Janssen, Borgo San Michele, 04100 Latina, Italy",西安杨森制药有限公司,陕西省西安市高新区草堂科技产业基地草堂四路19号，陕西省西安市高新区高新五路4号汇诚国际17F,将本品境内注册代理机构从“强生制药有限公司，地址：北京市顺义区金航东路3号院11号楼610室（天竺综合保税区）”变更为“西安杨森制药有限公司，地址：陕西省西安市高新区草堂科技产业基地草堂四路19号，陕西省西安市高新区高新五路4号汇诚国际17F”。,2025-01-27,国家药品监督管理局药品审评中心,已备案
国备2025000255,中文：亚甲蓝肠溶缓释片;英文/拉丁文：Methylthioninium Chloride Enteric-coated Sustained-release Tablets,国药准字HJ20240037,中文名称：/;英文名称：Bridging Pharma Limited,"3rd Floor,9 St. Clare Street, London,EC3N 1LQ,United Kingdom",中文名称：/;英文名称：Cosmo S.p.A.,"Via C. Colombo, 1, 20045, Lainate, Milan, Italy",深圳市康哲生物科技有限公司,深圳市南山区南头街道马家龙社区南山大道3186号莲花广场B栋801,根据国家药监局发布的《境外药品上市许可持有人指定境内责任人管理暂行规定》公告（2024年第137号），指定本品境内责任人为“深圳市康哲药业有限公司”。在本品说明书中删除【境内联系人】项，新增【境内责任人】信息，相应更新说明书，更新后的说明书不晚于2025年7月1日执行。,2025-02-25,国家药品监督管理局药品审评中心,已备案。请关注：境外持有人应当按照《国家药监局关于发布〈境外药品上市许可持有人指定境内责任人管理暂行规定〉的公告》（2024年第137号）要求，向所在地省、自治区、直辖市药品监督管理部门报告其指定的境内责任人。
国备2025000060,中文：盐酸文拉法辛缓释胶囊;英文/拉丁文：Venlafaxine Hydrochloride Sustained-Release Capsules,国药准字HJ20160385,中文名称：无;英文名称：Upjohn US 2 LLC,"3711 Collins Ferry Road, Morgantown, WV 26505 United States of America",中文名称：无;英文名称：Pfizer Ireland Pharmaceuticals Unlimited Company,"Little Connell, Newbridge, Kildare W12 HX57, IRELAND",晖致医药有限公司,上海市静安区新闸路669号10层（实际楼层第9层）1-2单元及5-9单元,"变更本品生产商名称，由""Pfizer Ireland Pharmaceuticals""变更为""Pfizer Ireland Pharmaceuticals Unlimited Company""；规范本品生产商地址，由""Little Connell, Newbridge, Co Kildare, Ireland""更新为""Little Connell, Newbridge, Kildare W12 HX57, IRELAND""，上述变更不涉及生产商实际主体和地址的变更。",2025-01-17,国家药品监督管理局药品审评中心,已备案
国备2025000057,中文：盐酸文拉法辛缓释胶囊;英文/拉丁文：Venlafaxine Hydrochloride Sustained-Release Capsules,国药准字HJ20160382,中文名称：无;英文名称：Upjohn US 2 LLC,"3711 Collins Ferry Road, Morgantown, WV 26505 United States of America",中文名称：无;英文名称：Pfizer Ireland Pharmaceuticals Unlimited Company,"Little Connell, Newbridge, Kildare W12 HX57, IRELAND",晖致医药有限公司,上海市静安区新闸路669号10层（实际楼层第9层）1-2单元及5-9单元,"变更本品生产商名称，由""Pfizer Ireland Pharmaceuticals""变更为""Pfizer Ireland Pharmaceuticals Unlimited Company""；规范本品生产商地址，由""Little Connell, Newbridge, Co Kildare, Ireland""更新为""Little Connell, Newbridge, Kildare W12 HX57, IRELAND""，上述变更不涉及生产商实际主体和地址的变更。",2025-01-17,国家药品监督管理局药品审评中心,已备案
国备2025000341,中文：泊那替尼片;英文/拉丁文：Ponatinib Tablets,国药准字HJ20240090,"中文名称：无;英文名称：Otsuka Pharmaceutical Co.,Ltd.","2-9,Kanda-Tsukasamachi,Chiyoda-ku,Tokyo,Japan",中文名称：无;英文名称：Patheon Inc.Toronto Region Operations,"2100 Syntex Court Mississauga,Ontario,Canada,L5N 7K9",大冢制药研发（北京）有限公司,"北京市东城区东长安街l号东方广场东方经贸城中二办公楼11层1, 2, 3, 4, 5, 6, 11室","申请进口药品在中国国内分包装，即浙江大冢制药有限公司从Otsuka Pharmaceutical Co.,Ltd. 进口泊那替尼片大包装规格产品，并在国内进行分包装。包装规格为10片/板，1板/袋，2袋/盒。",2025-03-05,国家药品监督管理局药品审评中心,已备案
国备2025000288,中文：米曲菌胰酶片;英文/拉丁文：Oryz-Aspergillus Enzyme And Pancreatin Tablet,国药准字HJ20170092。国药准字HJ20191029,中文名称：/;英文名称：Bridging Pharma GmbH,"Churerstrasse 35, 8807 Freienbach, Switzerland",中文名称：/;英文名称：Nordmark Pharma GmbH,"Pinnauallee 4, 25436 Uetersen, Germany",深圳市康哲生物科技有限公司,深圳市南山区南头街道马家龙社区南山大道3186号莲花广场B栋801,根据国家药监局关于发布《境外药品上市许可持有人指定境内责任人管理暂行规定》的公告（2024年第137号），指定本品境内责任人为康哲（湖南）制药有限公司，说明书中新增境内责任人信息，含名称、地址、联系方式。修订境内责任人后的说明书不晚于2025年7月1日执行。,2025-02-27,国家药品监督管理局药品审评中心,已备案。请关注：境外持有人应当按照《国家药监局关于发布〈境外药品上市许可持有人指定境内责任人管理暂行规定〉的公告》（2024年第137号）要求，向所在地省、自治区、直辖市药品监督管理部门报告其指定的境内责任人。
国备2025000059,中文：盐酸文拉法辛缓释胶囊;英文/拉丁文：Venlafaxine Hydrochloride Sustained-Release Capsules,国药准字HJ20160384,中文名称：无;英文名称：Upjohn US 2 LLC,"3711 Collins Ferry Road, Morgantown, WV 26505 United States of America",中文名称：无;英文名称：Pfizer Ireland Pharmaceuticals Unlimited Company,"Little Connell, Newbridge, Kildare W12 HX57, IRELAND",晖致医药有限公司,上海市静安区新闸路669号10层（实际楼层第9层）1-2单元及5-9单元,"变更本品生产商名称，由""Pfizer Ireland Pharmaceuticals""变更为""Pfizer Ireland Pharmaceuticals Unlimited Company""；规范本品生产商地址，由""Little Connell, Newbridge, Co Kildare, Ireland""更新为""Little Connell, Newbridge, Kildare W12 HX57, IRELAND""，上述变更不涉及生产商实际主体和地址的变更。",2025-01-17,国家药品监督管理局药品审评中心,已备案
国备2025000058,中文：盐酸文拉法辛缓释胶囊;英文/拉丁文：Venlafaxine Hydrochloride Sustained-Release Capsules,国药准字HJ20160383,中文名称：无;英文名称：Upjohn US 2 LLC,"3711 Collins Ferry Road, Morgantown, WV 26505 United States of America",中文名称：无;英文名称：Pfizer Ireland Pharmaceuticals Unlimited Company,"Little Connell, Newbridge, Kildare W12 HX57, IRELAND",晖致医药有限公司,上海市静安区新闸路669号10层（实际楼层第9层）1-2单元及5-9单元,"变更本品生产商名称，由""Pfizer Ireland Pharmaceuticals""变更为""Pfizer Ireland Pharmaceuticals Unlimited Company""；规范本品生产商地址，由""Little Connell, Newbridge, Co Kildare, Ireland""更新为""Little Connell, Newbridge, Kildare W12 HX57, IRELAND""，上述变更不涉及生产商实际主体和地址的变更。",2025-01-17,国家药品监督管理局药品审评中心,已备案
国备2025000048,中文：奥拉帕利片;英文/拉丁文：Olaparib Tablets,国药准字HJ20180049,中文名称：无;英文名称：AstraZeneca AB,"SE-151 85 Södertälje, Sweden",中文名称：无;英文名称：AbbVie Limited；AstraZeneca AB,"Carretera 2, KM 58.0, Cruce Davila, Barceloneta, PR 00617，Puerto Rico, United States；Gärtunavägen Södertälje, 152 57, Sweden",阿斯利康投资（中国）有限公司,中国（上海）自由贸易试验区亮景路199号,依据2024年12月25日国家药品监督管理局批准的奥拉帕利片新适应症上市申请的药品注册证书（证书编号：2024S30260和2024S30261），更新说明书和标签的包装厂名称（包装地址不变），即包装厂名称由“AstraZeneca UK Limited”更新为“AstraZeneca UK Ltd”。,2025-01-15,国家药品监督管理局药品审评中心,已备案
国备2025000047,中文：奥拉帕利片;英文/拉丁文：Olaparib Tablets,国药准字HJ20180048,中文名称：无;英文名称：AstraZeneca AB,"SE-151 85 Södertälje, Sweden",中文名称：无;英文名称：AbbVie Limited；AstraZeneca AB,"Carretera 2, KM 58.0, Cruce Davila, Barceloneta, PR 00617，Puerto Rico, United States；Gärtunavägen Södertälje, 152 57, Sweden",阿斯利康投资（中国）有限公司,中国（上海）自由贸易试验区亮景路199号,依据2024年12月25日国家药品监督管理局批准的奥拉帕利片新适应症上市申请的药品注册证书（证书编号：2024S30260和2024S30261），更新说明书和标签的包装厂名称（包装地址不变），即包装厂名称由“AstraZeneca UK Limited”更新为“AstraZeneca UK Ltd”。,2025-01-15,国家药品监督管理局药品审评中心,已备案
国备2025000280,中文：美沙拉秦肠溶片;英文/拉丁文：Mesalazine Enteric-coated Tablets,国药准字HJ20202002,中文名称：/;英文名称：Dr. Falk Pharma GmbH,Leinenweberstraβe 5 79108 Freiburg，Germany,中文名称：/;英文名称：Losan Pharma GmbH,Otto-Hahn-Straβe 13 79395 Neuenburg，Germany,深圳市康哲生物科技有限公司,深圳市南山区南头街道马家龙社区南山大道3186号莲花广场B栋801,根据国家药监局发布的《境外药品上市许可持有人指定境内责任人管理暂行规定》公告（2024年第137号），本品境外持有人指定本品境内责任人为“深圳市康哲药业有限公司”；在本品说明书中新增【境内责任人】信息，同时删除【国内联系方式】项。修订境内责任人后的说明书不晚于2025年7月1日执行。,2025-02-27,国家药品监督管理局药品审评中心,已备案。请关注：境外持有人应当按照《国家药监局关于发布〈境外药品上市许可持有人指定境内责任人管理暂行规定〉的公告》（2024年第137号）要求，向所在地省、自治区、直辖市药品监督管理部门报告其指定的境内责任人。
国备2025001195,中文：阿布昔替尼片;英文/拉丁文：Abrocitinib Tablets,国药准字HJ20220029,中文名称：/;英文名称：Pfizer Inc.,"66 Hudson Boulevard East, New York, NY 10001 United States of America",中文名称：/;英文名称：Pfizer Manufacturing Deutschland GmbH,"Mooswaldallee 1, Freiburg im Breisgau 79108 GERMANY",辉瑞投资有限公司,上海市南京西路1168号中信泰富广场36层,"1. 将制剂生产厂生产地址由“Betriebsstatte Freiburg Mooswaldallee 1 79090 Freiburg, Germany”变更为“Mooswaldallee 1, Freiburg im Breisgau 79108 GERMANY”。同步更新说明书和包装标签。本次变更仅为生产厂地址描述变更，实际生产场地不变。
2.在说明书中增加境内责任人信息，同时删除境内联系机构信息。",2025-05-27,国家药品监督管理局药品审评中心,已备案。请关注：境外持有人应当按照《国家药监局关于发布〈境外药品上市许可持有人指定境内责任人管理暂行规定〉的公告》（2024年第137号）要求，向所在地省、自治区、直辖市药品监督管理部门报告其指定的境内责任人。
国备2025000097,中文：利鲁唑片;英文/拉丁文：Riluzole Tablets,国药准字HJ20140172 国药准字HJ20140173,中文名称：SANOFI WINTHROP INDUSTRIE;英文名称：SANOFI WINTHROP INDUSTRIE,"82 Avenue Raspail, 94250 Gentilly, France",中文名称：Opella Healthcare International SAS ;英文名称：Opella Healthcare International SAS,"56, Route de Choisy, 60200 Compiègne, France",赛诺菲（中国）投资有限公司,北京市朝阳区建国路112号7层,"更新药品分包装上市许可持有人信息：由""Sanofi Mature IP""变更为""SANOFI WINTHROP INDUSTRIE""，上市许可持有人地址变更为：""82 Avenue Raspail,94250 Gentilly, France""。同时，根据更新的上市许可持有人，修订药品说明书及包装标签。",2025-01-23,国家药品监督管理局药品审评中心,已备案
国备2025001193,中文：阿布昔替尼片;英文/拉丁文：Abrocitinib Tablets,国药准字HJ20220030,中文名称：/;英文名称：Pfizer Inc.,"66 Hudson Boulevard East, New York, NY 10001 United States of America",中文名称：/;英文名称：Pfizer Manufacturing Deutschland GmbH,"Mooswaldallee 1, Freiburg im Breisgau 79108 GERMANY",辉瑞投资有限公司,上海市南京西路1168号中信泰富广场36层,"1. 将制剂生产厂生产地址由“Betriebsstatte Freiburg Mooswaldallee 1 79090 Freiburg, Germany”变更为“Mooswaldallee 1, Freiburg im Breisgau 79108 GERMANY”。同步更新说明书和包装标签。本次变更仅为生产厂地址描述变更，实际生产场地不变。
2.在说明书中增加境内责任人信息，同时删除境内联系机构信息。",2025-05-27,国家药品监督管理局药品审评中心,已备案。请关注：境外持有人应当按照《国家药监局关于发布〈境外药品上市许可持有人指定境内责任人管理暂行规定〉的公告》（2024年第137号）要求，向所在地省、自治区、直辖市药品监督管理部门报告其指定的境内责任人。
国备2025001194,中文：阿布昔替尼片;英文/拉丁文：Abrocitinib Tablets,国药准字HJ20220031,中文名称：/;英文名称：Pfizer Inc.,"66 Hudson Boulevard East, New York, NY 10001 United States of America",中文名称：/;英文名称：Pfizer Manufacturing Deutschland GmbH,"Mooswaldallee 1, Freiburg im Breisgau 79108 GERMANY",辉瑞投资有限公司,上海市南京西路1168号中信泰富广场36层,"1. 将制剂生产厂生产地址由“Betriebsstatte Freiburg Mooswaldallee 1 79090 Freiburg, Germany”变更为“Mooswaldallee 1, Freiburg im Breisgau 79108 GERMANY”。同步更新说明书和包装标签。本次变更仅为生产厂地址描述变更，实际生产场地不变。
2.在说明书中增加境内责任人信息，同时删除境内联系机构信息。",2025-05-27,国家药品监督管理局药品审评中心,已备案。请关注：境外持有人应当按照《国家药监局关于发布〈境外药品上市许可持有人指定境内责任人管理暂行规定〉的公告》（2024年第137号）要求，向所在地省、自治区、直辖市药品监督管理部门报告其指定的境内责任人。
国备2025000286,中文：美沙拉秦肠溶片;英文/拉丁文：Mesalazine Enteric-coated Tablets,国药准字HJ20171358,中文名称：/;英文名称：Dr. Falk Pharma GmbH,Leinenweberstraβe 5 79108 Freiburg，Germany,中文名称：/;英文名称：Losan Pharma GmbH,Otto-Hahn-Straβe 13 79395 Neuenburg，Germany,深圳市康哲生物科技有限公司,深圳市南山区南头街道马家龙社区南山大道3186号莲花广场B栋801,"1. 删除本品《药品再注册批准通知书》（通知书编号：2024S05296）中的其中1个包装厂地址“Otto-Hahn-Straβe 13 79395 Neuenburg, Germany”；
2. 根据国家药监局发布的《境外药品上市许可持有人指定境内责任人管理暂行规定》公告（2024年第137号），本品境外持有人指定本品境内责任人为“深圳市康哲药业有限公司”；在本品说明书中新增【境内责任人】信息，同时删除【国内联系方式】项。修订境内责任人后的说明书不晚于2025年7月1日执行。",2025-02-27,国家药品监督管理局药品审评中心,已备案。请关注：境外持有人应当按照《国家药监局关于发布〈境外药品上市许可持有人指定境内责任人管理暂行规定〉的公告》（2024年第137号）要求，向所在地省、自治区、直辖市药品监督管理部门报告其指定的境内责任人。
国备2025000279,中文：美沙拉秦灌肠液;英文/拉丁文：Mesalazine Enemas,国药准字HJ20150127,中文名称：/;英文名称：Dr. Falk Pharma GmbH,Leinenweberstraβe 5 79108 Freiburg，Germany,"中文名称：/;英文名称：Corden Pharma Fribourg AG, Zweigniederlassung Ettingen",Brühlstrasse 50 4107 Ettingen，Switzerland,深圳市康哲生物科技有限公司,深圳市南山区南头街道马家龙社区南山大道3186号莲花广场B栋801,根据国家药监局发布的《境外药品上市许可持有人指定境内责任人管理暂行规定》公告（2024年第137号），本品境外持有人指定本品境内责任人为“深圳市康哲药业有限公司”；在本品说明书中新增【境内责任人】信息，同时删除【国内联系方式】项。修订境内责任人后的说明书不晚于2025年7月1日执行。,2025-02-27,国家药品监督管理局药品审评中心,已备案。请关注：境外持有人应当按照《国家药监局关于发布〈境外药品上市许可持有人指定境内责任人管理暂行规定〉的公告》（2024年第137号）要求，向所在地省、自治区、直辖市药品监督管理部门报告其指定的境内责任人。
国备2025000132,中文：厄达替尼片;英文/拉丁文：Erdafitinib Tablets,国药准字HJ20250009,中文名称：/;英文名称：Janssen-Cilag International NV,"Turnhoutseweg 30, B-2340 Beerse, Belgium",中文名称：/;英文名称：Janssen-Cilag SpA,"Via C. Janssen, Borgo San Michele, 04100 Latina, Italy",西安杨森制药有限公司,陕西省西安市高新区草堂科技产业基地草堂四路19号，陕西省西安市高新区高新五路4号汇诚国际17F,将本品境内注册代理机构从“强生制药有限公司，地址：北京市顺义区金航东路3号院11号楼610室（天竺综合保税区）”变更为“西安杨森制药有限公司，地址：陕西省西安市高新区草堂科技产业基地草堂四路19号，陕西省西安市高新区高新五路4号汇诚国际17F”。,2025-01-27,国家药品监督管理局药品审评中心,已备案
国备2025000048,中文：奥拉帕利片;英文/拉丁文：Olaparib Tablets,国药准字HJ20180049,中文名称：无;英文名称：AstraZeneca AB,"SE-151 85 Södertälje, Sweden",中文名称：无;英文名称：AbbVie Limited；AstraZeneca AB,"Carretera 2, KM 58.0, Cruce Davila, Barceloneta, PR 00617，Puerto Rico, United States；Gärtunavägen Södertälje, 152 57, Sweden",阿斯利康投资（中国）有限公司,中国（上海）自由贸易试验区亮景路199号,依据2024年12月25日国家药品监督管理局批准的奥拉帕利片新适应症上市申请的药品注册证书（证书编号：2024S30260和2024S30261），更新说明书和标签的包装厂名称（包装地址不变），即包装厂名称由“AstraZeneca UK Limited”更新为“AstraZeneca UK Ltd”。,2025-01-15,国家药品监督管理局药品审评中心,已备案
国备2025000335,中文：枸橼酸西地那非片;英文/拉丁文：Sildenafil Citrate Tablets,国药准字HJ20240132,"中文名称：无;英文名称：Maxmind Pharmaceutical, S.L.","Calle Copenhague, N.12, Oficina 205, Edificio Tifán, 28232 Las Rozas, Madrid, Spain",中文名称：无;英文名称：Macleods Pharmaceuticals limited,"Village Theda, Post Office Lodhimajra,Tehsil Baddi, District Solan, Himachal Pradesh-174101, India",美享生物科技（海南）有限公司,海南省澄迈县老城经济开发区海南生态软件园博院路南侧综合服务区A栋503房,根据原国家食品药品监督管理总局2017年8月25日发布的《总局关于仿制药质量和疗效一致性评价工作有关事项的公告》(2017年第100号)要求，在本品的标签和说明书中增加“通过一致性评价”标识。,2025-03-04,国家药品监督管理局药品审评中心,已备案
国备2025000275,中文：熊去氧胆酸口服混悬液;英文/拉丁文：Ursodeoxycholic Acid Oral Suspension,国药准字HJ20240072,中文名称：/;英文名称：Dr. Falk Pharma GmbH,Leinenweberstraβe 5 79108 Freiburg,"中文名称：/;英文名称：Corden Pharma Fribourg AG, Zweigniederlassung Ettingen",Brühlstrasse 50 4107 Ettingen,深圳市康哲生物科技有限公司,深圳市南山区南头街道马家龙社区南山大道3186号莲花广场B栋801,"1.删除药品说明书中【生产企业】项下传真信息。
2.根据国家药监局发布的《境外药品上市许可持有人指定境内责任人管理暂行规定》公告（2024年第137号），本品境外持有人指定本品境内责任人为“深圳市康哲药业有限公司”；在本品说明书中新增【境内责任人】信息，同时删除【国内联系方式】项。修订后的说明书不晚于2025年7月1日执行。",2025-02-27,国家药品监督管理局药品审评中心,已备案。请关注：境外持有人应当按照《国家药监局关于发布〈境外药品上市许可持有人指定境内责任人管理暂行规定〉的公告》（2024年第137号）要求，向所在地省、自治区、直辖市药品监督管理部门报告其指定的境内责任人。
国备2025000964,中文：L-谷氨酰胺呱仑酸钠颗粒;英文/拉丁文：L-Glutamine and Sodium Gualenate Granules,国药准字HJ20160619,中文名称：寿制药株式会社;英文名称：Kotobuki Pharmaceutical Co.，Ltd,"6351,Sakaki-machi,Hanishina-gun,Nagano-Ken, Japan",中文名称：寿制药株式会社;英文名称：Kotobuki Pharmaceutical Co.，Ltd,"6351,Sakaki-machi,Hanishina-gun,Nagano-Ken, Japan",江苏泓盛医药有限公司,南京市溧水区石湫街道兴石路13号,新增20克/30袋/盒的包装规格，并增加与之匹配的纸盒外包装、外包装纸箱；同步修改药品说明书中【包装规格】项，新增包装规格：20克/30袋/盒。,2025-05-09,国家药品监督管理局药品审评中心,已备案
国备2025000277,中文：熊去氧胆酸胶囊;英文/拉丁文：Ursodeoxycholic Acid Capsules,H20181059,中文名称：/;英文名称：Dr. Falk Pharma GmbH,Leinenweberstraβe 5 79108 Freiburg,中文名称：/;英文名称：Losan Pharma GmbH,Otto-Hahn-Straβe 13 79395 Neuenburg,深圳市康哲生物科技有限公司,深圳市南山区南头街道马家龙社区南山大道3186号莲花广场B栋801,根据国家药监局发布的《境外药品上市许可持有人指定境内责任人管理暂行规定》公告（2024年第137号），本品境外持有人指定本品境内责任人为“深圳市康哲药业有限公司”；在本品说明书中新增【境内责任人】信息，同时删除【国内联系方式】项。修订境内责任人后的说明书不晚于2025年7月1日执行。,2025-02-27,国家药品监督管理局药品审评中心,已备案。请关注：境外持有人应当按照《国家药监局关于发布〈境外药品上市许可持有人指定境内责任人管理暂行规定〉的公告》（2024年第137号）要求，向所在地省、自治区、直辖市药品监督管理部门报告其指定的境内责任人。
国备2025001218,中文：丁甘交联玻璃酸钠注射液;英文/拉丁文：BDDE-Crosslinked Sodium Hyaluronate Injection,国药准字HJ20233147,"中文名称：----;英文名称：LG Chem, Ltd.","129, Seogam-ro, Iksan-si, Jeonbuk-do, Republic of Korea","中文名称：----;英文名称：LG Chem, Ltd.","129, Seogam-ro, Iksan-si, Jeonbuk-do, Republic of Korea",合肥亿帆生物制药有限公司,安徽省合肥市经开区文山路与繁华大道交口,申请增加大包装规格，大包装为已在境外完成泡罩包装和泡罩标签等内包装的产品，大包装规格为130支/箱，仅用于合肥亿帆生物制药有限公司进行本品的分包装（分包装规格：1支/盒）。,2025-05-28,国家药品监督管理局药品审评中心,已备案
国备2025000091,中文：度普利尤单抗注射液;英文/拉丁文：Dupilumab Injection,国药准字SJ20210024,中文名称：Sanofi Winthrop Industrie;英文名称：Sanofi Winthrop Industrie,"82 avenue Raspail, 94250 Gentilly, France",中文名称：Sanofi Winthrop Industrie;英文名称：Sanofi Winthrop Industrie,"1051 Boulevard Industriel, 76580 Le Trait, France",赛诺菲（中国）投资有限公司,北京市朝阳区建国路112号7层,删除本品所有规格1支/盒的包装规格，同时删除药品注册证书、药品说明书、包装标签及药品注册标准中【包装】章节下关于1支/盒包装规格的表述，其他内容保持不变。,2025-01-23,国家药品监督管理局药品审评中心,已备案
国备2025000092,中文：度普利尤单抗注射液;英文/拉丁文：Dupilumab Injection,S20200017,中文名称：Sanofi Winthrop Industrie;英文名称：Sanofi Winthrop Industrie,"82 avenue Raspail, 94250 Gentilly, France",中文名称：Sanofi Winthrop Industrie;英文名称：Sanofi Winthrop Industrie,"1051 Boulevard Industriel, 76580 Le Trait, France",赛诺菲（中国）投资有限公司,北京市朝阳区建国路112号7层,删除本品所有规格1支/盒的包装规格，同时删除药品注册证书、药品说明书、包装标签及药品注册标准中【包装】章节下关于1支/盒包装规格的表述，其他内容保持不变。,2025-01-23,国家药品监督管理局药品审评中心,已备案
国备2025000089,中文：度普利尤单抗注射液;英文/拉丁文：Dupilumab Injection,国药准字SJ20235004,中文名称：Sanofi Winthrop Industrie;英文名称：Sanofi Winthrop Industrie,"82 avenue Raspail, 94250 Gentilly, France",中文名称：Sanofi Winthrop Industrie;英文名称：Sanofi Winthrop Industrie,"1051 Boulevard Industriel, 76580 Le Trait, France",赛诺菲（中国）投资有限公司,北京市朝阳区建国路112号7层,删除本品所有规格1支/盒的包装规格，同时删除药品注册证书、药品说明书、包装标签及药品注册标准中【包装】章节下关于1支/盒包装规格的表述，其他内容保持不变。,2025-01-23,国家药品监督管理局药品审评中心,已备案
国备2025000090,中文：度普利尤单抗注射液;英文/拉丁文：Dupilumab Injection,国药准字SJ20235003,中文名称：Sanofi Winthrop Industrie;英文名称：Sanofi Winthrop Industrie,"82 avenue Raspail, 94250 Gentilly, France",中文名称：Sanofi Winthrop Industrie;英文名称：Sanofi Winthrop Industrie,"1051 Boulevard Industriel, 76580 Le Trait, France",赛诺菲（中国）投资有限公司,北京市朝阳区建国路112号7层,删除本品所有规格1支/盒的包装规格，同时删除药品注册证书、药品说明书、包装标签及药品注册标准中【包装】章节下关于1支/盒包装规格的表述，其他内容保持不变。,2025-01-23,国家药品监督管理局药品审评中心,已备案
国备2025000547,中文：醋氯芬酸片;英文/拉丁文：Aceclofenac Tablets,国药准字HJ20140137,"中文名称：/;英文名称：Hanmi Pharm. Co., Ltd.","214, Muha-ro, Paltan-myeon, Hwaseong-si, Gyeonggi-do, Korea","中文名称：/;英文名称：Hanmi Pharm. Co., Ltd.","214, Muha-ro, Paltan-myeon, Hwaseong-si, Gyeonggi-do, Korea",北京韩美药品有限公司,北京市顺义区天竺空港工业区A区天柱西路10号,在本品说明书中增加【境内责任人】信息“名称：北京韩美药品有限公司；地址：北京市顺义区天竺空港工业区A区天柱西路10号；邮政编码：101312；联系方式：400-650-5676 800-810-1156；网址：www.bjhanmi.com.cn”。,2025-03-25,国家药品监督管理局药品审评中心,已备案。请关注：境外持有人应当按照《国家药监局关于发布〈境外药品上市许可持有人指定境内责任人管理暂行规定〉的公告》（2024年第137号）要求，向所在地省、自治区、直辖市药品监督管理部门报告其指定的境内责任人。
国备2025000103,中文：他克莫司胶囊;英文/拉丁文：Tacrolimus Capsules,国药准字HJ20240168,中文名称：/;英文名称：Biocon Pharma Limited,"20th K.M, Hosur Road, Electronics City, Bengaluru, Karnataka 560100 INDIA",中文名称：/;英文名称：Biocon Pharma Limited,"Special Economic Zone, Plot No.5, Phase IV, Bommasandra-Jigani Link Road, Bommasandra Post, Bengaluru, Karnataka 560099 INDIA",深圳市康哲生物科技有限公司,深圳市南山区南头街道马家龙社区南山大道3186号莲花广场B栋801,1.在本品现有包装规格“100粒/瓶”的基础上，增加“50粒/瓶”的包装规格。 2.明确制剂生产过程中配料阶段各物料的暂存时间，并延长中间体灌装胶囊的暂存时间。 3.将说明书标题下方使用提示语由“请仔细阅读说明书并在医师指导下使用”修订为“请仔细阅读说明书并在医师或药师指导下使用”。 4.变更本品5mg规格大箱标签中的追溯码样式。 5.在本品的包装标签及说明书中增加“彼力松”商标。 6.将说明书中“【境内联系人】名称：深圳市康哲药业有限公司；注册地址：深圳市南山区南头街道大新路198号马家龙创新大厦B座6-8楼；邮政编码：518052；电话号码：0755-82416868；传真号码：0755-82416622”变更为“【境内联系人】名称：天津康哲维盛医药科技发展有限公司；注册地址：天津开发区南港工业区综合服务区办公楼D座二层215-218室；邮政编码：300000；电话：022-59005099；传真：022-59005088；网址：http://www.cms.net.cn”。,2025-01-23,国家药品监督管理局药品审评中心,已备案
,中文：他克莫司胶囊;英文/拉丁文：Tacrolimus Capsules,国药准字HJ20240166,中文名称：/;英文名称：Biocon Pharma Limited,"20th K.M, Hosur Road, Electronics City, Bengaluru, Karnataka 560100 INDIA",中文名称：/;英文名称：Biocon Pharma Limited,"Special Economic Zone, Plot No.5, Phase IV, Bommasandra-Jigani Link Road, Bommasandra Post, Bengaluru, Karnataka 560099 INDIA",深圳市康哲生物科技有限公司,深圳市南山区南头街道马家龙社区南山大道3186号莲花广场B栋801,1.在本品现有包装规格“100粒/瓶”的基础上，增加“50粒/瓶”的包装规格。 2.明确制剂生产过程中配料阶段各物料的暂存时间，并延长中间体灌装胶囊的暂存时间。 3.将说明书标题下方使用提示语由“请仔细阅读说明书并在医师指导下使用”修订为“请仔细阅读说明书并在医师或药师指导下使用”。 4.变更本品1mg规格大箱标签中的追溯码样式。 5.在本品的包装标签及说明书中增加“彼力松”商标。 6.将说明书中“【境内联系人】名称：深圳市康哲药业有限公司；注册地址：深圳市南山区南头街道大新路198号马家龙创新大厦B座6-8楼；邮政编码：518052；电话号码：0755-82416868；传真号码：0755-82416622”变更为“【境内联系人】名称：天津康哲维盛医药科技发展有限公司；注册地址：天津开发区南港工业区综合服务区办公楼D座二层215-218室；邮政编码：300000；电话：022-59005099；传真：022-59005088；网址：http://www.cms.net.cn”。,,,
,,,,,,,,,,,,
国备2025000205,中文：人血白蛋白;英文/拉丁文：Human Albumin,国药准字SJ20160036,中文名称：无;英文名称：Octapharma AB,"Lars Forssells gata 23, 112 75 Stockholm, Sweden",中文名称：无;英文名称：Octapharma AB,"Lars Forssells gata 23, 112 75 Stockholm, Sweden",四川兴科蓉药业有限责任公司,中国（四川）自由贸易试验区四川省成都市高新区天府大道北段1700号3栋2单元18层1805号,"将上市许可持有人和生产厂的地址，由""SE-112 75 Stockholm, Sweden""，规范为""Lars Forssells gata 23, 112 75 Stockholm, Sweden""，仅地址名称调整，无实际地址变化。",2025-02-18,国家药品监督管理局药品审评中心,已备案
,,,,,,"Lars Forssells gata 23, 112 75 Stockholm, Sweden",四川兴科蓉药业有限责任公司,中国（四川）自由贸易试验区四川省成都市高新区天府大道北段1700号3栋2单元18层1805号,"将上市许可持有人和生产厂的地址，由""SE-112 75 Stockholm, Sweden""，规范为""Lars Forssells gata 23, 112 75 Stockholm, Sweden""，仅地址名称调整，无实际地址变化。",2025-02-18,国家药品监督管理局药品审评中心,
国备2025000276,中文：丁苯那嗪片;英文/拉丁文：Tetrabenazine Tablets,国药准字HJ20230051,中文名称：/;英文名称：Sun Pharmaceutical Industries Limited,"Sun House, Plot No. 201 B/1, Western Express Highway, Goregaon(E), Mumbai, Maharashtra 400063 INDIA",中文名称：/;英文名称：Sun Pharmaceutical Industries Limited,"Survey No. 1012, Dadra, U.T. of Dadra and Nagar Haveli and Daman and Diu 396193 INDIA",深圳市康哲生物科技有限公司,深圳市南山区南头街道马家龙社区南山大道3186号莲花广场B栋801,"1.本品药品注册证书中载明的生产厂地址描述由“Survey No.259/15, Dadra, Union Territory of Dadra, Dadra and Nagar Haveli 396191 INDIA”变更为“Survey No. 1012, Dadra, U.T. of Dadra and Nagar Haveli and Daman and Diu 396193 INDIA”，该变更仅为地址信息的行政性变更，实际生产厂主体未发生改变，同步更新说明书和包装标签相应信息。
2.增加注册商标：在丁苯那嗪片的包装标签和说明书上增加“恩克莱”注册商标。
3.说明书中增加境内责任人信息：根据国家药监局发布的《境外药品上市许可持有人指定境内责任人管理暂行规定》公告(2024年第137号)，本品境外持有人指定本品境内责任人为“天津康哲维盛医药科技发展有限公司”。说明书相应更新：新增【境内责任人】信息，含名称、地址及联系方式，同时删除说明书中【境内联系人】项。修订境内责任人后的说明书不晚于2025年7月1日执行。",2025-02-27,国家药品监督管理局药品审评中心,已备案。请关注：境外持有人应当按照《国家药监局关于发布〈境外药品上市许可持有人指定境内责任人管理暂行规定〉的公告》（2024年第137号）要求，向所在地省、自治区、直辖市药品监督管理部门报告其指定的境内责任人。
国备2025000278,中文：丁苯那嗪片;英文/拉丁文：Tetrabenazine Tablets,国药准字HJ20230050,中文名称：/;英文名称：Sun Pharmaceutical Industries Limited,"Sun House, Plot No. 201 B/1, Western Express Highway, Goregaon(E), Mumbai, Maharashtra 400063 INDIA",中文名称：/;英文名称：Sun Pharmaceutical Industries Limited,"Survey No. 1012, Dadra, U.T. of Dadra and Nagar Haveli and Daman and Diu 396193 INDIA",深圳市康哲生物科技有限公司,深圳市南山区南头街道马家龙社区南山大道3186号莲花广场B栋801,"1.本品药品注册证书中载明的生产厂地址描述由“Survey No.259/15, Dadra, Union Territory of Dadra, Dadra and Nagar Haveli 396191 INDIA”变更为“Survey No. 1012, Dadra, U.T. of Dadra and Nagar Haveli and Daman and Diu 396193 INDIA”，该变更仅为地址信息的行政性变更，实际生产厂主体未发生改变，同步更新说明书和包装标签相应信息。
2.增加注册商标：在丁苯那嗪片的包装标签和说明书上增加“恩克莱”注册商标。
3.说明书中增加境内责任人信息：根据国家药监局发布的《境外药品上市许可持有人指定境内责任人管理暂行规定》公告(2024年第137号)，本品境外持有人指定本品境内责任人为“天津康哲维盛医药科技发展有限公司”。说明书相应更新：新增【境内责任人】信息，含名称、地址及联系方式，同时删除说明书中【境内联系人】项。修订境内责任人后的说明书不晚于2025年7月1日执行。",2025-02-27,国家药品监督管理局药品审评中心,已备案。请关注：境外持有人应当按照《国家药监局关于发布〈境外药品上市许可持有人指定境内责任人管理暂行规定〉的公告》（2024年第137号）要求，向所在地省、自治区、直辖市药品监督管理部门报告其指定的境内责任人。
国备2025000336,中文：枸橼酸西地那非片;英文/拉丁文：Sildenafil Citrate Tablets,国药准字HJ20240133,"中文名称：无;英文名称：Maxmind Pharmaceutical, S.L.","Calle Copenhague, N.12, Oficina 205, Edificio Tifán, 28232 Las Rozas, Madrid, Spain",中文名称：无;英文名称：Macleods Pharmaceuticals limited,"Village Theda, Post Office Lodhimajra,Tehsil Baddi, District Solan, Himachal Pradesh-174101, India",美享生物科技（海南）有限公司,海南省澄迈县老城经济开发区海南生态软件园博院路南侧综合服务区A栋503房,根据原国家食品药品监督管理总局2017年8月25日发布的《总局关于仿制药质量和疗效一致性评价工作有关事项的公告》(2017年第100号)要求，在本品的标签和说明书中增加“通过一致性评价”标识。,2025-03-04,国家药品监督管理局药品审评中心,已备案
国备2025000168,中文：甲磺酸溴隐亭片;英文/拉丁文：Bromocriptine Mesilate Tablets,国药准字HJ20160030,中文名称：/;英文名称：Bridging Pharma GmbH,"Churerstrasse 35, 8807 Freienbach, Switzerland",中文名称：/;英文名称：DOPPEL Farmaceutici S.r.l.,"Via Volturno, 48, 20089 Quinto de’Stampi – Rozzano, (Milano), Italy",深圳市康哲生物科技有限公司,深圳市南山区南头街道马家龙社区南山大道3186号莲花广场B栋801,根据国家药监局关于发布《境外药品上市许可持有人指定境内责任人管理暂行规定》的公告（2024年第137号），指定本品境内责任人为天津康哲维盛医药科技发展有限公司，说明书中增加【境内责任人】信息，包括名称、地址和联系方式，修订后的说明书不晚于2025年7月1日执行。,2025-02-07,国家药品监督管理局药品审评中心,已备案。请关注：境外持有人应当按照《国家药监局关于发布〈境外药品上市许可持有人指定境内责任人管理暂行规定〉的公告》（2024年第137号）要求，向所在地省、自治区、直辖市药品监督管理部门报告其指定的境内责任人。
国备2025000125,中文：普瑞巴林胶囊;英文/拉丁文：Pregabalin Capsules,国药准字HJ20150623,中文名称：无;英文名称：Upjohn EESV,"Rivium Westlaan 142, 2909 LD Capelle aan den IJssel, The Netherlands",中文名称：无;英文名称：Pfizer Manufacturing Deutschland GmbH,"Betriebsstatte Freiburg, Mooswaldallee 1, D-79090 Freiburg, Germany",晖致医药有限公司,上海市静安区新闸路669号46层（名义楼层）,境外生产普瑞巴林胶囊的说明书变更及再注册已获批。现申请分包装说明书根据进口品说明书变更内容进行修订，并申请继续由晖致制药（大连）有限公司进行国内分包装。分包装工艺：铝塑包装，装盒、装说明书。包装规格为：8粒/盒，16粒/盒，56粒/盒。分包装药品的标签和说明书上相应信息同时进行修订。原分包装药品批准文号为国药准字J20160022。,2025-01-27,国家药品监督管理局药品审评中心,已备案
国备2025000124,中文：普瑞巴林胶囊;英文/拉丁文：Pregabalin Capsules,国药准字HJ20150620,中文名称：无;英文名称：Upjohn EESV,"Rivium Westlaan 142, 2909 LD Capelle aan den IJssel, The Netherlands",中文名称：无;英文名称：Pfizer Manufacturing Deutschland GmbH,"Betriebsstatte Freiburg, Mooswaldallee 1, D-79090 Freiburg, Germany",晖致医药有限公司,上海市静安区新闸路669号46层（名义楼层）,境外生产普瑞巴林胶囊的说明书变更及再注册已获批。现申请分包装说明书根据进口品说明书变更内容进行修订，并申请继续由晖致制药（大连）有限公司进行国内分包装。分包装工艺：铝塑包装，装盒、装说明书。包装规格为：8粒/盒，16粒/盒，56粒/盒。分包装药品的标签和说明书上相应信息同时进行修订。原分包装药品批准文号为国药准字J20160021。,2025-01-27,国家药品监督管理局药品审评中心,已备案
国备2025000251,中文：阿巴西普注射液;英文/拉丁文：Abatacept Injection,国药准字SJ20200001,中文名称：百时美施贵宝公司;英文名称：Bristol-Myers Squibb Company,"PO Box 4000, Princeton, NJ 08543, USA","中文名称：百时美施贵宝控股制药有限公司;英文名称：Bristol-Myers Squibb Holdings Pharma, Ltd. Liability Company","Road 686 Km 2.3, Bo. Tierras Nuevas, Manati, PUERTO RICO, 00674, USA",百时美施贵宝（中国）投资有限公司,上海市静安区南京西路1717 号17 楼,本次备案申请对本品原液和制剂企业内控标准中肽图检项下的部分内容进行更新：1）变更三氟乙酸（TFA）的供应商；2）更新流动相B制备的细节，同时更新制造及检定规程中附录4相应内容的描述。 该检项的分析方法和标准限度保持不变，不涉及注册标准的变更。,2025-02-25,国家药品监督管理局药品审评中心,已备案
国备2025000227,中文：左甲状腺素钠片;英文/拉丁文：Levothyroxine Sodium Tablets,国药准字HJ20240060,中文名称：/;英文名称：Uni-Pharma Kleon Tsetis Pharmaceutical Laboratories S.A,"14th km National Road 1, Kifissia GR-145 64，Greece",中文名称：/;英文名称：Uni-Pharma Kleon Tsetis Pharmaceutical Laboratories S.A,"Building B 14th km National Road 1, Kifissia GR-145 64 Greece",北京博瑞康健医药科技有限公司,北京市朝阳区静安里37号楼(左家庄孵化器0169号),"1.在药品说明书中使用“通过一致性评价”标识； 
2.将药品说明书的化学结构式中的“,”修正为“.”; 
3.按照药品注册证书修订说明书中的药品批准文号、上市许可持有人名称和生产企业名称及地址； 
4.在药品说明书中增加“境内联系人”的信息； 
5.在药品说明书上使用注册商标。",2025-02-20,国家药品监督管理局药品审评中心,已备案
国备2025000228,中文：左甲状腺素钠片;英文/拉丁文：Levothyroxine Sodium Tablets,国药准字HJ20240063,中文名称：/;英文名称：Uni-Pharma Kleon Tsetis Pharmaceutical Laboratories S.A,"14th km National Road 1, Kifissia GR-145 64，Greece",中文名称：/;英文名称：Uni-Pharma Kleon Tsetis Pharmaceutical Laboratories S.A,"Building B 14th km National Road 1, Kifissia GR-145 64 Greece",北京博瑞康健医药科技有限公司,北京市朝阳区静安里37号楼(左家庄孵化器0169号),"1.在药品说明书中使用“通过一致性评价”标识； 
2.将药品说明书的化学结构式中的“,”修正为“.”; 
3.按照药品注册证书修订说明书中的药品批准文号、上市许可持有人名称和生产企业名称及地址； 
4.在药品说明书中增加“境内联系人”的信息； 
5.在药品说明书上使用注册商标。",2025-02-20,国家药品监督管理局药品审评中心,已备案
国备2025000229,中文：左甲状腺素钠片;英文/拉丁文：Levothyroxine Sodium Tablets,国药准字HJ20240062,中文名称：/;英文名称：Uni-Pharma Kleon Tsetis Pharmaceutical Laboratories S.A,"14th km National Road 1, Kifissia GR-145 64，Greece",中文名称：/;英文名称：Uni-Pharma Kleon Tsetis Pharmaceutical Laboratories S.A,"Building B 14th km National Road 1, Kifissia GR-145 64 Greece",北京博瑞康健医药科技有限公司,北京市朝阳区静安里37号楼(左家庄孵化器0169号),"1.在药品说明书中使用“通过一致性评价”标识；
2.将药品说明书的化学结构式中的“,”修正为“.”;
3.按照药品注册证书修订说明书中的药品批准文号、上市许可持有人名称和生产企业名称及地址；
4.在药品说明书中增加“境内联系人”的信息；
5.在药品说明书上使用注册商标；
6.根据已批准的药品说明书修改药品包装盒的内容及其设计。",2025-02-20,国家药品监督管理局药品审评中心,已备案
,,,,,,,,,,,,
Y国备2025000126,中文：屈螺酮;英文/拉丁文：Drospirenone,Y20210001136,中文名称：INDUSTRIALE CHIMICA S.R.L.;英文名称：INDUSTRIALE CHIMICA S.R.L.,"VIA ABBONDIO SANGIORGIO, 12, 20145 - MILANO (MI)",中文名称：INDUSTRIALE CHIMICA S.R.L.;英文名称：INDUSTRIALE CHIMICA S.R.L.,"Via E H Grieg, 13, Italy-21047 Saronno, Varese",意赛迪斯（上海）企业管理咨询有限公司,上海市浦东新区绿科路90号1幢401室F座,变更境外生产药品注册代理机构：由百时益医药研发（北京）有限公司变更为意赛迪斯（上海）企业管理咨询有限公司,2025-01-27,国家药品监督管理局药品审评中心,已备案
Y国备2025000127,中文：布地奈德;英文/拉丁文：Budesonide,Y20220000028,中文名称：INDUSTRIALE CHIMICA SRL;英文名称：INDUSTRIALE CHIMICA SRL,"Via E H Grieg, 13, Italy-21047 Saronno, Varese",中文名称：INDUSTRIALE CHIMICA SRL;英文名称：INDUSTRIALE CHIMICA SRL,"Via E H Grieg, 13, Italy-21047 Saronno, Varese",意赛迪斯（上海）企业管理咨询有限公司,上海市浦东新区绿科路90号1幢401室F座,变更境外生产药品注册代理机构：由百时益医药研发（北京）有限公司变更为意赛迪斯（上海）企业管理咨询有限公司,2025-01-27,国家药品监督管理局药品审评中心,已备案
Y国备2025000342,中文：恩格列净;英文/拉丁文：Empagliflozin,Y20190000789,"中文名称：Laurus Labs Limited,(Unit-3);英文名称：Laurus Labs Limited,(Unit-3)","Plot No.18, JNPC, Parawada (M), Anakapalli-531 021 Andhra Pradesh, India","中文名称：Laurus Labs Limited,(Unit-3);英文名称：Laurus Labs Limited,(Unit-3)","Plot No.18, JNPC, Parawada (M), Anakapalli-531 021 Andhra Pradesh, India",北京莱瑞森医药科技有限公司,北京市朝阳区北苑东路19号院2号楼25层2508,"1、在原有生产场地的基础上新增中间体AEGF-1 和 AEGF-2生产场地（Plot No. 21, Jawaharlal Nehru Pharma City, Parawada, Anakapalli-531 021, Andhra Pradesh, India）。2、扩大生产批量（10倍以内）。3、新增关键起始物料供应商，新增4-溴苯酚供应商Prabhat chemi organics limited；2,3,4,6-四-O-三甲基硅烷基-D-葡糖酸内酯供应商Vijayasri Organics Limited；R-3-对甲苯磺酰氧基四氢呋喃供应商江西三元药业有限公司。",2025-03-05,国家药品监督管理局药品审评中心,已备案
国备2025000109,中文：艾沙妥昔单抗注射液;英文/拉丁文：Isatuximab Injection,国药准字SJ20250002,中文名称：Sanofi Winthrop Industrie;英文名称：Sanofi Winthrop Industrie,"82 avenue Raspail, 94250 Gentilly, France",中文名称：Sanofi-Aventis Deutschland GmbH;英文名称：Sanofi-Aventis Deutschland GmbH,"Industriepark Hoechst Brueningstrasse 50 65926 Frankfurt am Main, Germany",赛诺菲（中国）投资有限公司,北京市朝阳区建国路112号7层,"1. 申请在“赛诺菲（北京）制药有限公司”进行境外生产药品艾沙妥昔单抗注射液[规格：500mg（25ml）/瓶]大包装规格(25瓶/盒，4盒/箱）的分包装，分包装产品的包装规格为1瓶/盒， 分包装工艺为贴标签、装盒、装说明书等。
2. 分包装的药品说明书和标签与已批准的进品小包装说明书和标签一致，并标注分包装厂名称：赛诺菲（北京）制药有限公司，地址：北京市北京经济技术开发区兴盛街7号。分包装药品注册标准编号：JS20240066。",2025-01-24,国家药品监督管理局药品审评中心,已备案
Y国备2025000122,中文：盐酸氮䓬斯汀;英文/拉丁文：Azelastine Hydrochloride,Y20180001681,中文名称：Urquima S.A.;英文名称：Urquima S.A.,"Avinguda Camí Reial 51-57 Spain-08184 Palau-solità i Plegamans, Barcelona",中文名称：Urquima S.A.;英文名称：Urquima S.A.,"Arnau De Vilanova 22-42 Spain-08105 Sant Fost De Campsentelles, Barcelona",广州安信医药有限公司,广州市黄埔区科学城揽月路80号科技创新基地D区第6层610-612单元、614-616单元,根据《化学原料药上市申请批准通知书》要求，补充肼的系统研究资料。同时参考ICH M7建立肼的控制策略，将肼检验项增订入企业内控标准进行常规控制。,2025-01-27,国家药品监督管理局药品审评中心,经审查，本品批准通知书（通知书编号：2023YS00517）已明确要求在本品批准后两年内以补充申请的形式提交，请持有人按照通知书要求办理。
Y国备2025000123,中文：利多卡因;英文/拉丁文：Lidocaine,Y20190009187,中文名称：MOEHS IBERICA S.L.;英文名称：MOEHS IBERICA S.L.,"Cesar Martinell I Brunet No.12A, Poligono, Industrial Rubi Sur, Spain-08191. Rubi, Barcelona",中文名称：MOEHS CATALANA S.L.;英文名称：MOEHS CATALANA S.L.,"Cesar Martinell I Brunet No.12A, Poligono, Industrial Rubi Sur, Spain-08191. Rubi, Barcelona",广州有思医药有限公司,广州市黄埔区峻弦街12号1902房,在放行标准中新增检验项目。,2025-01-27,国家药品监督管理局药品审评中心,已备案
Y国备2025000156,中文：磺达肝癸钠;英文/拉丁文：Fondaparinux Na,Y20180001193,"中文名称：台湾神隆股份有限公司;英文名称：ScinoPharm Taiwan, Ltd.",741014 台湾台南市善化区南科八路1号,"中文名称：台湾神隆股份有限公司;英文名称：ScinoPharm Taiwan, Ltd.",741014 台湾台南市善化区南科八路1号,上海神隆生化科技有限公司,上海市长宁区天山西路568号2幢502、503室,同地址内变更步骤1-5的生产场地至：Mini Plant 2车间,2025-02-06,国家药品监督管理局药品审评中心,已备案
国备2025000100,中文：伊奈利珠单抗注射液;英文/拉丁文：Inebilizumab Injection,SJ20220007,中文名称：Horizon Therapeutics Ireland DAC;英文名称：Horizon Therapeutics Ireland DAC,"Pottery Road, Dun Laoghaire, Dublin A96 F2A8 IRELAND",中文名称：AstraZeneca Nijmegen B.V.;英文名称：AstraZeneca Nijmegen B.V.,"Lagelandseweg 78, Nijmegen, 6545CG Netherlands",常州恒邦药业有限公司,常州市新北区辽河路1028号,"1. 此次变更为药品上市许可持有人注册地址变更，由原来的 70 St. Stephen's Green, Dublin 2, Dublin D02 E2X4 IRELAND变更为Pottery Road, Dun Laoghaire, Dublin A96 F2A8 IRELAND。2.因上市许可持有人发生了变更，说明书和标签持有人信息也做相应更新。",2025-01-23,国家药品监督管理局药品审评中心,已备案
国备2025000120,中文：达沙替尼片;英文/拉丁文：Dasatinib Tablets,国药准字HJ20240086,中文名称：无;英文名称：Dr. Reddy's Laboratories Limited,"Formulation Unit-VII, Plot Nos. P1 to P9, Phase-III, VSEZ, Duvvada, Visakhapatnam District 530046, Andhra Pradesh, India",中文名称：无;英文名称：Dr. Reddy's Laboratories Limited,"Formulation Unit-VII, Plot Nos. P1 to P9, Phase-III, VSEZ, Duvvada, Visakhapatnam District 530046, Andhra Pradesh, India",昆山龙灯瑞迪制药有限公司,江苏省昆山开发区黄浦江中路2158号,根据更新的药品证明性文件，达沙替尼片（20mg）药品注册证书（证书编号：2024S01996）中上市许可持有人和生产企业英文名称由“M/s. Dr. Reddy´s Laboratories Limited”变更为“Dr. Reddy´s Laboratories Limited”，上市许可持有人和生产企业的主体不变。,2025-01-27,国家药品监督管理局药品审评中心,已备案
国备2025000121,中文：达沙替尼片;英文/拉丁文：Dasatinib Tablets,HJ20240085,中文名称：无;英文名称：Dr. Reddy's Laboratories Limited,"Formulation Unit-VII, Plot Nos. P1 to P9, Phase-III, VSEZ, Duvvada, Visakhapatnam District 530046, Andhra Pradesh, India",中文名称：无;英文名称：Dr. Reddy's Laboratories Limited,"Formulation Unit-VII, Plot Nos. P1 to P9, Phase-III, VSEZ, Duvvada, Visakhapatnam District 530046, Andhra Pradesh, India",昆山龙灯瑞迪制药有限公司,江苏省昆山开发区黄浦江中路2158号,根据更新的药品证明性文件，达沙替尼片（50mg）药品注册证书（证书编号：2024S01995）中上市许可持有人和生产企业英文名称由“M/s. Dr. Reddy´s Laboratories Limited”变更为“Dr. Reddy´s Laboratories Limited”，上市许可持有人和生产企业的主体不变。,2025-01-27,国家药品监督管理局药品审评中心,已备案
国备2025000152,中文：注射用A型肉毒毒素;英文/拉丁文：Botulinum Toxin Type A for Injection,国药准字SJ20210004,"中文名称：/;英文名称：Hugel,Inc.","61-20 Sinbuk-ro, Sinbuk-eup, Chuncheon-si, Gangwon-do, Republic of Korea","中文名称：/;英文名称：Hugel,Inc.","23, Geodudanji 1-gil, Dongnae-myeon, Chuncheon-si, Gangwon-do, Republic of Korea",北京四环制药有限公司,北京市通州区张家湾镇齐善庄村东,"药品上市许可持有人注册地址变更，注册地址由“61-20 Sinbuk-ro, Sinbuk-eup, Chuncheon-si, Gangwon-do, Republic of Korea ”变更为“23, Geodudanji 1-gil, Dongnae-myeon, Chuncheon-si, Gangwon-do, Republic of Korea ”",2025-02-06,国家药品监督管理局药品审评中心,已备案
国备2025000147,中文：丙硫氧嘧啶片;英文/拉丁文：Propylthiouracil Tablets,H20150035,中文名称：——;英文名称：Hemony Pharmaceutical Germany GmbH,"Plan 5, 20095 Hamburg, Germany",中文名称：——;英文名称：Lomapharm GmbH,"Langes Feld 5,31860 Emmerthal,Germany",重庆海默尼制药有限公司,重庆市北碚区方正大道16号,本次备案申请为9.境外药品分包装及其变更：新增本品（注册证号：H20150035 ）裸片分包装，分包装规格为“100片/瓶”，分包装厂：重庆海默尼制药有限公司，分包装厂地址：重庆市北碚区方正大道16号，分包装工艺：塑瓶包装、装盒、赋码、装箱等。,2025-02-06,国家药品监督管理局药品审评中心,已备案
Y国备2025000340,中文：盐酸伊伐布雷定;英文/拉丁文：Ivabradine Hydrochloride,Y20180000948,中文名称：————;英文名称：Les Laboratoires Servier,"50, rue Carnot, 92284 Suresnes Cedex, France",中文名称：————;英文名称：ORIL Industrie,"13, Rue Auguste Desgenetais, 76210 Bolbec, France",施维雅（天津）制药有限公司,天津经济技术开发区第十大街,1.增加cyanobicycle原料（dexglutacycle起始物料的前体）的替代合成路线。2.重新排序章节 3.2.S.2.2和3.2.S.2.3的现有信息，并简化文件中dexglutacycle起始物料合成路线的描述（仅保留最后2个关键步骤）。具体变更情况详见申报资料。,2025-03-05,国家药品监督管理局药品审评中心,已备案
国备2025000119,中文：曲美替尼片;英文/拉丁文：Trametinib tablets,国药准字HJ20190068,中文名称：不适用;英文名称：Novartis Europharm Limited,"Vista Building, Elm Park, Merrion Road, Dublin 4, Ireland",中文名称：不适用;英文名称：Novartis Pharma Stein AG,"Schaffhauserstrasse, 4332, Stein, Switzerland",北京诺华制药有限公司,北京市昌平区永安路31号,"删除迈吉宁中国不再使用的包装厂Glaxo Wellcome,S.A.(地址：Avenida Extremadura,3,09400 Aranda de Duero,Burgos,Spain)。",2025-01-25,国家药品监督管理局药品审评中心,已备案
国备2025000118,中文：曲美替尼片;英文/拉丁文：Trametinib tablets,国药准字HJ20190069,中文名称：不适用;英文名称：Novartis Europharm Limited,"Vista Building, Elm Park, Merrion Road, Dublin 4, Ireland",中文名称：不适用;英文名称：Novartis Pharma Stein AG,"Schaffhauserstrasse, 4332, Stein, Switzerland",北京诺华制药有限公司,北京市昌平区永安路31号,"删除迈吉宁中国不再使用的包装厂Glaxo Wellcome,S.A （地址：Avenida Extremadura,3,09400 Aranda de Duero,Burgos,Spain）。",2025-01-25,国家药品监督管理局药品审评中心,已备案
国备2025000110,中文：艾沙妥昔单抗注射液;英文/拉丁文：Isatuximab Injection,国药准字SJ20250001,中文名称：Sanofi Winthrop Industrie;英文名称：Sanofi Winthrop Industrie,"82 avenue Raspail, 94250 Gentilly, France",中文名称：Sanofi-Aventis Deutschland GmbH;英文名称：Sanofi-Aventis Deutschland GmbH,"Industriepark Hoechst Brueningstrasse 50 65926 Frankfurt am Main, Germany",赛诺菲（中国）投资有限公司,北京市朝阳区建国路112号7层,"1. 申请在“赛诺菲（北京）制药有限公司”进行境外生产药品艾沙妥昔单抗注射液[规格100mg（5ml）/瓶]大包装规格(36瓶/盒，6盒/箱）的分包装，分包装产品的包装规格为1瓶/盒， 分包装工艺为贴标签、装盒、装说明书等。
2. 分包装的药品说明书和标签与已批准的进品小包装说明书和标签一致，并标注分包装厂名称：赛诺菲（北京）制药有限公司，地址：北京市北京经济技术开发区兴盛街7号。分包装药品注册标准编号：JS20240066。",2025-01-24,国家药品监督管理局药品审评中心,已备案
国备2025000113,中文：小儿珠珀散(原名：珠珀猴枣散) ;英文/拉丁文：无,国药准字ZC20160014,中文名称：香港保和堂制药有限公司;英文名称：HONG KONG PO WO TONG PHARMACEUTICAL LIMITED,新界青山公路 - 荃湾段603-609号江南工业大厦B座6楼,中文名称：香港保和堂制药有限公司;英文名称：HONG KONG PO WO TONG PHARMACEUTICAL LIMITED,新界青山公路 - 荃湾段603-609号江南工业大厦B座6楼,山西九康医药科技有限公司,山西转型综合改革示范区唐槐产业园真武路200号南楼4层409、410、411、412室,根据药品说明书内容，变更标签、说明书相应内容。,2025-01-25,国家药品监督管理局药品审评中心,已备案
国备2025000138,中文：布地奈德鼻喷雾剂;英文/拉丁文：Budesonide Nasal Spray,国药准字HC20191008,"中文名称：台湾海默尼药业有限公司;英文名称：TAIWAN HEMONY PHARMACEUTICAL CO.,LTD",台北市大安区信义路4段1号2楼（W39室）,中文名称：健乔信元医药生技股份有限公司健乔厂;英文名称：SYNMOSA BIOPHARMA CORPORATION，SYNMOSA PLANT,新竹县湖口乡新竹工业区工业一路6号,重庆海默尼制药有限公司,重庆市北碚区方正大道16号,申请进口分包装，分包装规格为“120喷/支，1支/盒。130喷/支，1支/盒。140喷/支，1支/盒”，其分包装说明书、包装标签上增加本品大包装批准文号“国药准字HC20191008”。,2025-01-28,国家药品监督管理局药品审评中心,已备案
国备2025000173,中文：西罗莫司凝胶;英文/拉丁文：Sirolimus Gel,国药准字HJ20233148,"中文名称：无;英文名称：Nobelpharma Co., Ltd.","1-17-24, Shinkawa, Chuo-ku, Tokyo, 104-0033, Japan","中文名称：无;英文名称：Joto Plant, TOYO Pharmaceutical Co., Ltd.","2-5-4, Tsurumi, Tsurumi-ku, Osaka, Osaka538-0053, Japan",江苏诺贝仁医药有限公司,泰州市医药高新技术产业开发区药城大道一号（药城大道南侧、口泰路东侧）C1幢1605室.,"对生产工艺信息表的如下误记进行修正，仅为误记的修正，无实质变更，对产品质量不产生影响。
1.对生产工艺信息表中“每个制剂单位用量”误记进行修正。原误记为1g制剂对应的用量，修改为每个制剂单位（10g）对应的用量，仅为记载方式误记修正，处方无变更。
2.对生产工艺信息表的附件2：生产工艺的“<第3工艺>填充工艺”的误记进行修正。仅为误记修正，生产工艺无变更。
3.对生产工艺信息表的附件6：原辅包内控标准的“原料药西罗莫司（雷帕霉素）的内控标准及分析方法”中的“附：已知杂质信息”的结构式记载方式进行修正。仅为记载方式的修正，原料药杂质无实质变更。
4.对生产工艺信息表的附件7：制剂放行标准中的误记进行修正。仅为误记的修正，放行标准无变更。",2025-02-08,国家药品监督管理局药品审评中心,经审查，此次备案事项为生产工艺信息表内容勘误，不属于备案范畴，请按照勘误流程办理。
国备2025001431,中文：左甲状腺素钠片;英文/拉丁文：Levothyroxine Sodium Tablets,国药准字HJ20140052,中文名称：不适用;英文名称：MERCK SANTE s.a.s.,37 rue Saint Romain 69379 LYON CEDEX 08- FRANCE,中文名称：不适用;英文名称：Merck Healthcare KGaA,Frankfurter Straβe 250 64293 Darmstadt Germany,默克雪兰诺有限公司,北京市顺义区保汇一街2号院1号（天竺综合保税区D08-20),根据进口左甲状腺素钠片国家局补充申请通知书（通知书编号：2025B00145）及附件质量标准，将分包装左甲状腺素钠片说明书中质量标准编号更新为JX20250004。同时根据《境内药品上市许可持有人指定境内责任人管理暂行规定》的公告要求，在说明书中增加境内责任人相关信息。,2025-06-14,国家药品监督管理局药品审评中心,已备案。请关注：境外持有人应当按照《国家药监局关于发布〈境外药品上市许可持有人指定境内责任人管理暂行规定〉的公告》（2024年第137号）要求，向所在地省、自治区、直辖市药品监督管理部门报告其指定的境内责任人。
国备2025001018,中文：人促卵泡激素δ注射液;英文/拉丁文：Human Follitropin Delta Injection,国药准字SJ20240014,中文名称：/;英文名称：Ferring Pharmaceuticals A/S,"Amager Strandvej 405, 2770 Kastrup, Denmark",中文名称：/;英文名称：Vetter Pharma-Fertigung GmbH & Co.KG,"Schützenstrasse 87, 99-101, 88212 Ravensburg, Germany",辉凌医药咨询（上海）有限公司,上海市虹口区公平路168号31层,"1. 成品已批准的包装厂Ferring Controlled Therapeutics Limited ，增加新的组装，贴签和次级包装场地及“剂量准确度”检验场地。新增场地地址为“12 Redwood Crescent, Peel Park Campus, East Kilbride, Glasgow, G74 5PA, United Kingdom” 新旧场地包装工艺及剂量准确度检测方法一致。 2. 依据此变更，修订制检规程，说明书及包装标签中的包装厂信息。",2025-05-14,国家药品监督管理局药品审评中心,已备案
国备2025001020,中文：人促卵泡激素δ注射液;英文/拉丁文：Human Follitropin Delta Injection,国药准字SJ20240015,中文名称：/;英文名称：Ferring Pharmaceuticals A/S,"Amager Strandvej 405, 2770 Kastrup, Denmark",中文名称：/;英文名称：Vetter Pharma-Fertigung GmbH & Co.KG,"Schützenstrasse 87, 99-101, 88212 Ravensburg, Germany",辉凌医药咨询（上海）有限公司,上海市虹口区公平路168号31层,"1. 成品已批准的包装厂Ferring Controlled Therapeutics Limited ，增加新的组装，贴签和次级包装场地及“剂量准确度”检验场地。新增场地地址为“12 Redwood Crescent, Peel Park Campus, East Kilbride, Glasgow, G74 5PA, United Kingdom” 新旧场地包装工艺及剂量准确度检测方法一致。 2. 依据此变更，修订制检规程，说明书及包装标签中的包装厂信息。",2025-05-14,国家药品监督管理局药品审评中心,已备案
国备2025001019,中文：人促卵泡激素δ注射液;英文/拉丁文：Human Follitropin Delta Injection,国药准字SJ20240016,中文名称：/;英文名称：Ferring Pharmaceuticals A/S,"Amager Strandvej 405, 2770 Kastrup, Denmark",中文名称：/;英文名称：Vetter Pharma-Fertigung GmbH & Co.KG,"Schützenstrasse 87, 99-101, 88212 Ravensburg, Germany",辉凌医药咨询（上海）有限公司,上海市虹口区公平路168号31层,"1. 成品已批准的包装厂Ferring Controlled Therapeutics Limited ，增加新的组装，贴签和次级包装场地及“剂量准确度”检验场地。新增场地地址为“12 Redwood Crescent, Peel Park Campus, East Kilbride, Glasgow, G74 5PA, United Kingdom” 新旧场地包装工艺及剂量准确度检测方法一致。 2. 依据此变更，修订制检规程，说明书及包装标签中的包装厂信息。",2025-05-14,国家药品监督管理局药品审评中心,已备案
国备2025000108,中文：碳酸司维拉姆片;英文/拉丁文：Sevelamer Carbonate Tablets,国药准字HJ20230042,中文名称：/;英文名称：Dr. Reddy`s Laboratories Limited,"FTO-SEZ, Process Unit-01, Survey No 57 to 59, 60, 62 & 72, Sector No 9 to 14 & 17 to 20, Devunipalavalasa (V), Ranasthalam (M), Srikakulam District-532409 Andhra Pradesh, India.",中文名称：/;英文名称：Dr. Reddy`s Laboratories Limited,"FTO-SEZ, Process Unit-01, Survey No 57 to 59, 60, 62 & 72, Sector No 9 to 14 & 17 to 20, Devunipalavalasa (V), Ranasthalam (M), Srikakulam District-532409 Andhra Pradesh, India.",瑞迪博士（北京）药业有限公司,北京市朝阳区建国路91号院8号楼15层1509单元,对于包装小盒，移除商业合作伙伴的标识。,2025-01-24,国家药品监督管理局药品审评中心,已备案
国备2025000143,中文：马昔腾坦片;英文/拉丁文：Macitentan Tablets,国药准字HJ20170376,中文名称：Actelion Pharmaceuticals Ltd;英文名称：Actelion Pharmaceuticals Ltd,"Gewerbestrasse 16, 4123 Allschwil, Switzerland",中文名称：Excella GmbH & Co.KG;英文名称：Excella GmbH & Co.KG,"Nürnberger Str. 12, 90537 Feucht Germany",强生制药有限公司,北京市顺义区金航东路3号院11号楼610室（天竺综合保税区）,申请将马昔腾坦片（商品名：傲朴舒）境外生产药品的注册代理机构由“爱可泰隆医药贸易（上海）有限公司（统一社会信用代码:9131011509380519XF）”变更为“强生制药有限公司（统一社会信用代码：91110113MABN46TE5A）”。,2025-01-28,国家药品监督管理局药品审评中心,已备案
Y国备2025000190,中文：左乙拉西坦;英文/拉丁文：Levetiracetam,Y20210000396,中文名称：Venkata Narayana Active Ingredients Private Ltd;英文名称：Venkata Narayana Active Ingredients Private Ltd,"Sy.No.69 Chandrapadiya village, Vinjamur Mandal, SPSR Nellore District-524228, Andhra Pradesh, INDIA.",中文名称：Venkata Narayana Active Ingredients Private Ltd;英文名称：Venkata Narayana Active Ingredients Private Ltd,"Sy.No.69 Chandrapadiya village, Vinjamur Mandal, SPSR Nellore District-524228, Andhra Pradesh, INDIA.",广州安信医药有限公司,广州高新技术产业开发区科学城揽月路80号科技创新基地D区第6层614-616单元（自主申报）,本次备案申请将本品的有效期从“36个月”延长至“60个月”。,2025-02-14,国家药品监督管理局药品审评中心,已备案
国备2025000111,中文：度伐利尤单抗注射液 ;英文/拉丁文：Durvalumab Injection,国药准字SJ20190038,中文名称：无;英文名称：AstraZeneca UK Limited,"1 Francis Crick Avenue, Cambridge Biomedical Campus, Cambridge, CB20AA, United Kingdom","中文名称：无;英文名称：Catalent Indiana, LLC；AstraZeneca AB","1300 South Patterson Drive, Bloomington, IN 47403, USA；Gärtunavägen, Södertälje, 152 57, Sweden",阿斯利康投资（中国）有限公司,中国（上海）自由贸易试验区亮景路199号,更新药品补充申请批准通知书（通知书编号：2024B04803 和 2024B04802）中“原进口药品注册证号”为“国药准字SJ20190038”和“国药准字SJ20190039”。,2025-01-24,国家药品监督管理局药品审评中心,经审查，持有人已递交勘误申请，按照勘误流程办理。
国备2025000107,中文：可伐利单抗注射液;英文/拉丁文：Crovalimab Injection,国药准字SJ20240007,中文名称：/;英文名称：Roche Pharma (Schweiz) AG,"Grenzacherstrasse 124, 4058 Basel, Switzerland",中文名称：/;英文名称：Genentech Inc.,"1 DNA Way, South San Francisco, California (CA) 94080, United States (USA) ",罗氏（中国）投资有限公司,中国（上海）自由贸易试验区龙东大道1100号4号楼,根据已有的稳定性数据，原液有效期从36个月延长至48个月。,2025-01-24,国家药品监督管理局药品审评中心,已备案
国备2025000133,中文：注射用戈沙妥珠单抗;英文/拉丁文：Sacituzumab Govitecan for Injection,国药准字SJ20220015,"中文名称：／;英文名称：Gilead Sciences, Inc.","333 Lakeside Drive, Foster City, CA 94404 United States of America",中文名称：／;英文名称：BSP Pharmaceuticals S.p.A.,"Via Appia km 65, 561, Latina Scalo, Latina 04013 ITALY",吉利德（上海）医药科技有限公司,中国（上海）自由贸易试验区世纪大道1198号31层,"本次备案内容包括：1. 取消Immunomedics, Inc.作为药物连接子（CL2A-SN38）中间体的批放行场地；2. 抗体中间体 （hRS7 IgG1κ）的新一级参比品（PRS）、新工作参比品（WRS）的标定以及变更 PRS 和 WRS 主标定、再标定和监测方案；3. 注射用戈沙妥珠单抗中标示的 2-(N-吗啉代）乙磺酸浓度的编辑性更正；4. 变更戈沙妥珠单抗原液和制剂的一级参比品（PRS）和工作参比品（WRS）的标定和再标定方案；5. 戈沙妥珠单抗原液和制剂的新批次工作参比品（WRS）标定。本次备案同时修订制造及检定规程相关信息。",2025-01-28,国家药品监督管理局药品审评中心,已备案
国备2025000112,中文：度伐利尤单抗注射液;英文/拉丁文：Durvalumab Injection,国药准字SJ20190039,中文名称：无;英文名称：AstraZeneca UK Limited,"1 Francis Crick Avenue,Cambridge Biomedical Campus, Cambridge, CB20AA, United Kingdom","中文名称：无;英文名称：Catalent Indiana, LLC；AstraZeneca AB","1300 South Patterson Drive, Bloomington, IN 47403, USA；Gärtunavägen, Södertälje, 152 57, Sweden",阿斯利康投资（中国）有限公司,中国（上海）自由贸易试验区亮景路199号,更新药品补充申请批准通知书（通知书编号：2024B04803 和 2024B04802）中“原进口药品注册证号”为“国药准字SJ20190038”和“国药准字SJ20190039”。,2025-01-24,国家药品监督管理局药品审评中心,经审查，持有人已递交勘误申请，按照勘误流程办理。
国备2025000326,中文：肠内营养混悬液(TPF-D);英文/拉丁文：Enteral Nutritional Suspension(TPF-D),国药准字HJ20160135,中文名称：-;英文名称：ABBOTT LABORATORIES B.V.,"Rieteweg 21, 8041AJ Zwolle",中文名称：-;英文名称：ABBOTT LABORATORIES B.V.,"Rieteweg 21, 8041AJ Zwolle",雅培贸易（上海）有限公司,中国（上海）自由贸易试验区美盛路56号4号楼109部位,申请变更药品标签的图案设计，修改图案颜色，增加公司标识位置，删除“糖尿病患者专用”字样。,2025-03-04,国家药品监督管理局药品审评中心,已备案
国备2025000327,中文：肠内营养粉剂（TP）;英文/拉丁文：Enteral Nutritional Powder (TP),国药准字HJ20181147,中文名称：-;英文名称：ABBOTT LABORATORIES B.V.,"Rieteweg 21, 8041 AJ, Zwolle, the Netherlands",中文名称：-;英文名称：ABBOTT LABORATORIES B.V.,"Rieteweg 21, 8041 AJ, Zwolle, the Netherlands",雅培贸易（上海）有限公司,中国（上海）自由贸易试验区美盛路56号4号楼109部位,申请变更药品说明书和标签的图案设计，具体图稿变化为：修改图案颜色，改变公司标识位置并增加公司中文名“雅培”，将规格“400g”添加在正面图稿中。,2025-03-04,国家药品监督管理局药品审评中心,已备案
Y国备2025000810,中文：氯雷他定;英文/拉丁文：Loratadine,Y20190009997,中文名称：无;英文名称：Vasudha Pharma Chem Limited,"Unit-II, Plot No.79, Jawaharlal Nehru Pharma City, Thanam Village, Parawada Mandal, Anakapalli District-531 019, Andhra Pradesh, India.",中文名称：无;英文名称：Vasudha Pharma Chem Limited,"Unit-II, Plot No.79, Jawaharlal Nehru Pharma City, Thanam Village, Parawada Mandal, Anakapalli District-531 019, Andhra Pradesh, India.",山东国茂企业管理有限公司,山东省青岛市市北区南京路377号,效期由24个月延长至60个月,2025-04-18,国家药品监督管理局药品审评中心,已备案
国备2025000154,中文：布拉氏酵母菌胶囊;英文/拉丁文：Saccharomyces boulardii Capsules,国药准字SJ20150052,中文名称：法国百科达制药厂;英文名称：BIOCODEX,"22 Rue Des Aqueducs, 94250 Gentilly, France",中文名称：法国百科达制药厂;英文名称：BIOCODEX,1 avenue Blaise Pascal 60000 Beauvais France,深圳市康哲药业有限公司,深圳市南山区南头街道大新路198号马家龙创新大厦B座6-8楼,根据国家药监局关于发布《境外药品上市许可持有人指定境内责任人管理暂行规定》的公告（2024年第137号），指定本品境内责任人为深圳市康哲药业有限公司（即本品说明书和包装标签中的“境内联系人”），因此将说明书和包装标签中【境内联系人】修改为【境内责任人】。修订境内责任人后的说明书和包装标签不晚于2025年7月1日执行。,2025-02-06,国家药品监督管理局药品审评中心,已备案。请关注：境外持有人应当按照《国家药监局关于发布〈境外药品上市许可持有人指定境内责任人管理暂行规定〉的公告》（2024年第437号）要求，向所在地省、自治区、直辖市药品监督管理部门报告其指定的境内责任人。
国备2025000247,中文：人血白蛋白;英文/拉丁文：Human Albumin,国药准字SJ20130023,中文名称：/;英文名称：Grifols Biologicals LLC,"5555 Valley Boulevard, Los Angeles, CA 90032",中文名称：/;英文名称：Grifols Biologicals LLC,"5555 Valley Boulevard, Los Angeles, CA 90032",基立福医药科技（上海）有限公司,上海市静安区南京西路1515号北楼11层1101、1102、1103、1104、1105、1106、1107、1108、1109、1110室 (实际楼层10层),更新说明书，主要包含如下变化：1）按照“国家药监局关于修订人血白蛋白注射剂说明书的公告（2025年第5号）”，更新【不良反应】相关内容。2）更新境内联系人相关信息。,2025-02-22,国家药品监督管理局药品审评中心,已备案
国备2025000315,中文：非那雄胺片;英文/拉丁文：Finasteride Tablets,国药准字HJ20160290 国药准字HJ20160291,中文名称：不适用;英文名称：Organon Pharma (UK) Limited,"The Hewett Building, 14 Hewett Street, London EC2A 3NP, United Kingdom",中文名称：不适用;英文名称：AIAC International Pharma LLC,Road #2，Kilometer 60.3，Sabana Hoyos Arecibo，PR 00688，Puerto Rico,欧加隆（上海）医药科技有限公司,中国（上海）自由贸易试验区东育路255弄4号A栋5层503单元（名义楼层，实际楼层4层）,"(1) 申请本品在杭州默沙东制药有限公司进行分包装，即铝塑包装，装盒，装说明书。 
(2) 本品境外生产药品说明书安全性信息更新的申请已获得批准，因此申请修订境外生产药品分包装的说明书【不良反应】及【注意事项】项下相关内容。",2025-03-01,国家药品监督管理局药品审评中心,已备案
Y国备2025000158,中文：泊沙康唑;英文/拉丁文：Posaconazole,Y20210000056,"中文名称：Honour Lab Limited, Unit-III;英文名称：Honour Lab Limited, Unit-III","Plot No: 4, Hetero Infrastructure SEZ Ltd, N. Narasapuram village, Nakkapalli Mandal, Anakapalli District, Andhra Pradesh, India, 531081","中文名称：Honour Lab Limited, Unit-III;英文名称：Honour Lab Limited, Unit-III","Plot No: 4, Hetero Infrastructure SEZ Ltd, N. Narasapuram village, Nakkapalli Mandal, Anakapalli District, Andhra Pradesh, India, 531081",熙德隆药业（北京）有限公司,北京市朝阳区望京东园四区6号楼27层2701号05,"1、变更注册代理地址：由“北京市朝阳区阜通东大街1号院3号楼8层3单元130906”变更为“北京市朝阳区望京东园四区6号楼27层2701号05”；
2、变更批量：增加成品和中间体PZL-III&PZL-IV生产批量（原批准的2倍）、各生产阶段新增设备；
3、变更生产工艺：1）起始物料TCC供应商变更：由“廊坊高博京邦制药有限公司”变更为“甘肃皓天医药科技有限责任公司”；2）增强过程控制：PZL-V阶段过程控制“水分”限度由不得过0.70%收紧至不得过0.50%；",2025-02-06,国家药品监督管理局药品审评中心,已备案
Y国备2025000137,中文：硼替佐米;英文/拉丁文：Bortezomib,Y20210000675,中文名称：Hetero Labs Limited;英文名称：Hetero Labs Limited,"7-2-A2, Hetero Corporate, Industrial Estates, Sanath Nagar, Hyderabad-500018, India","中文名称：Hetero Labs Limited, Unit-I;英文名称：Hetero Labs Limited, Unit-I","Sy.No.10, I.D.A., Gaddapotharam Village, Jinnaram Mandal, Sangareddy District, Telangana State, India.",熙德隆药业（北京）有限公司,北京市朝阳区望京东园四区6号楼27层2701号05,1. 贮藏条件由“遮光，密封，-20℃下保存”变更为“遮光，密封，-20℃下保存（允许范围-20℃±5℃）”；2. 变更境内注册代理公司的注册地址为“北京市朝阳区望京东园四区6号楼27层2701号05”,2025-01-28,国家药品监督管理局药品审评中心,已备案
Y国备2025000128,中文：昔萘酸沙美特罗;英文/拉丁文：Salmeterol Xinafoate,Y20220000553,中文名称：INDUSTRIALE CHIMICA S.R.L.;英文名称：INDUSTRIALE CHIMICA S.R.L.,"Via E H Grieg, 13, Italy-21047 Saronno, Varese",中文名称：INDUSTRIALE CHIMICA S.R.L.;英文名称：INDUSTRIALE CHIMICA S.R.L.,"Via E H Grieg, 13, Italy-21047 Saronno, Varese",意赛迪斯（上海）企业管理咨询有限公司,上海市浦东新区绿科路90号1幢401室F座,变更境外生产药品注册代理机构：由百时益医药研发（北京）有限公司变更为意赛迪斯（上海）企业管理咨询有限公司,2025-01-27,国家药品监督管理局药品审评中心,已备案
国备2025000184,中文：柑橘黄酮片;英文/拉丁文：Citrus Bioflavonoids Tablets,国药准字HJ20140455,中文名称：NA;英文名称：LES LABORATOIRES SERVIER,"50, rue Carnot, 92284 Suresnes cedex, France",中文名称：NA;英文名称：LES LABORATOIRES SERVIER INDUSTRIE,"905, route de Saran, 45520 GIDY, France",施维雅（天津）制药有限公司,天津经济技术开发区第十大街,"通过备案新增大包装的包装规格20,000片/桶和280,000片/袋。",2025-02-13,国家药品监督管理局药品审评中心,已备案
国备2025000163,中文：盐酸曲恩汀片;英文/拉丁文：Trientine Hydrochloride Tablets,国药准字HJ20230149,中文名称：Orphalan;英文名称：Orphalan,"226 Boulevard Voltaire,75011 Paris, France",中文名称：Delpharm Evreux;英文名称：Delpharm Evreux,"5, Rue du Guesclin, 27000 Evreux, France",科园信海（北京）医疗用品贸易有限公司,北京市顺义区保汇一街8幢3层办公室02、03、04（北京天竺综合保税区）,药品注册标准中文字描述的变更，将注册标准中，【含量测定】项下色谱条件中，“检测器气体流速为氧气每分钟300ml”改成“检测器气体流速为空气每分钟300ml”。,2025-02-07,国家药品监督管理局药品审评中心,已备案
国备2025000155,中文：注射用A型肉毒毒素;英文/拉丁文：Botulinum Toxin Type A for Injection,国药准字SJ20200024,"中文名称：/;英文名称：Hugel,Inc.","61-20 Sinbuk-ro, Sinbuk-eup, Chuncheon-si, Gangwon-do, Republic of Korea","中文名称：/;英文名称：Hugel,Inc.","23, Geodudanji 1-gil, Dongnae-myeon, Chuncheon-si, Gangwon-do, Republic of Korea",北京四环制药有限公司,北京市通州区张家湾镇齐善庄村东,"药品上市许可持有人注册地址变更，注册地址由“61-20 Sinbuk-ro, Sinbuk-eup, Chuncheon-si, Gangwon-do, Republic of Korea ”变更为“23, Geodudanji 1-gil, Dongnae-myeon, Chuncheon-si, Gangwon-do, Republic of Korea ”",2025-02-06,国家药品监督管理局药品审评中心,已备案
Y国备2025000129,中文：左炔诺孕酮;英文/拉丁文：Levonorgestrel,Y20190000943,中文名称：INDUSTRIALE CHIMICA SRL;英文名称：INDUSTRIALE CHIMICA SRL,"Via E H Grieg, 13, Italy-21047 Saronno, Varese",中文名称：INDUSTRIALE CHIMICA SRL;英文名称：INDUSTRIALE CHIMICA SRL,"Via E H Grieg, 13, Italy-21047 Saronno, Varese",意赛迪斯（上海）企业管理咨询有限公司,上海市浦东新区绿科路90号1幢401室F座,"1.变更境外生产药品注册代理机构：由百时益医药研发（北京）有限公司变成意赛迪斯（上海）企业管理咨询有限公司；2.变更原料药包装规格为：50g/袋, 100g/袋, 200g/袋, 300g/袋, 400g/袋, 500g/袋, 600g/袋, 700g/袋, 800g/袋, 900g/袋, 1kg/袋, 1.5kg/袋, 2kg/袋, 2.5kg/袋, 3kg/袋, 3.5kg/袋, 4kg/袋, 5kg/袋",2025-01-27,国家药品监督管理局药品审评中心,已备案
国备2025000166,中文：阿托伐他汀钙片;英文/拉丁文：Atorvastatin Calcium Tablets,国药准字HJ20240091,中文名称：/;英文名称：Sandoz Canada Incorporated,"110 RUE DE LAUZON BOUCHERVILLE, QUEBEC, CANADA, J4B 1E6",中文名称：/;英文名称：LEK S.A.,"UL. PODLIPIE 16, STRYKOW, POLAND, 95-010",山德士（中国）制药有限公司,广东省中山火炬开发区国家健康基地辉凌路8号,根据已有稳定性研究数据延长本品有效期至24个月，并相应更新本品注册标准和药品说明书中的【有效期】由“18个月”更新为“24个月”。,2025-02-07,国家药品监督管理局药品审评中心,已备案
国备2025000534,中文：兔抗人胸腺细胞免疫球蛋白;英文/拉丁文：Rabbit Anti-human Thymocyte Immunoglobulin,国药准字SJ20150036,中文名称：----;英文名称：Sanofi B. V.,"PAASHEUVELWEG 25, 1105 BP Amsterdam, Pays Bas/The Netherlands",中文名称：----;英文名称：Sanofi Winthrop Industrie,"23 boulevard Chambaud de la Bruyère,69007 Lyon-France",赛诺菲（中国）投资有限公司,北京市朝阳区建国路112号7层,根据再注册批准通知书（2024S05348，2024S05349）对说明书进行更新：1）【注意事项】中增加肝病患者的用药警告： 肝病 在肝病患者中使用本品时应监测血小板和凝血因子。2）【不良反应】将“良性肿瘤（实体瘤）”修正为“恶性肿瘤（实体瘤）”。,2025-03-22,国家药品监督管理局药品审评中心,已备案
国备2025000533,中文：兔抗人胸腺细胞免疫球蛋白;英文/拉丁文：Rabbit Anti-human Thymocyte Immunoglobulin,国药准字SJ20150035,中文名称：----;英文名称：Sanofi B. V.,"PAASHEUVELWEG 25, 1105 BP Amsterdam, Pays Bas/The Netherlands",中文名称：----;英文名称：Sanofi Winthrop Industrie,"23 boulevard Chambaud de la Bruyère,69007 Lyon-France",赛诺菲（中国）投资有限公司,北京市朝阳区建国路112号7层,根据再注册批准通知书（2024S05348，2024S05349）对说明书进行更新：1）【注意事项】中增加肝病患者的用药警告： 肝病 在肝病患者中使用本品时应监测血小板和凝血因子。2）【不良反应】将“良性肿瘤（实体瘤）”修正为“恶性肿瘤（实体瘤）”。,2025-03-22,国家药品监督管理局药品审评中心,已备案
国备2025000161,中文：盐酸文拉法辛缓释胶囊;英文/拉丁文：Venlafaxine Hydrochloride Sustained-Release Capsules,国药准字HJ20160385,中文名称：无;英文名称：Upjohn US 2 LLC,"3711 Collins Ferry Road, Morgantown, WV 26505 United States of America",中文名称：无;英文名称：Pfizer Ireland Pharmaceuticals Unlimited Company,"Little Connell, Newbridge, Kildare W12 HX57, IRELAND",晖致医药有限公司,上海市静安区新闸路669号10层（实际楼层第9层）1-2单元及5-9单元,"1. 根据境外生产怡诺思的2024-09-30最新版说明书更新分包装怡诺思的说明书，内容涉及[不良反应]、[孕妇及哺乳期妇女用药]、[药物过量]等相关内容。
2. 根据境外生产小包装和大包装怡诺思已完成的生产商名称和生产商地址的变更备案，进行境内分包装怡诺思变更备案，将生产商名称从""Pfizer Ireland Pharmaceuticals""变更为""Pfizer Ireland Pharmaceuticals Unlimited Company""，将生产商地址从""Little Connell, Newbridge, Co Kildare, Ireland""更新为""Little Connell, Newbridge, Kildare W12 HX57, IRELAND""，上述变更不涉及生产商实际主体和地址的变更。
分包装企业：晖致制药（大连）有限公司。",2025-02-07,国家药品监督管理局药品审评中心,已备案
国备2025000162,中文：盐酸文拉法辛缓释胶囊;英文/拉丁文：Venlafaxine Hydrochloride Sustained-Release Capsules,国药准字HJ20160382,中文名称：无;英文名称：Upjohn US 2 LLC,"3711 Collins Ferry Road, Morgantown, WV 26505 United States of America",中文名称：无;英文名称：Pfizer Ireland Pharmaceuticals Unlimited Company,"Little Connell, Newbridge, Kildare W12 HX57, IRELAND",晖致医药有限公司,上海市静安区新闸路669号10层（实际楼层第9层）1-2单元及5-9单元,"1. 根据境外生产怡诺思的2024-09-30最新版说明书更新分包装怡诺思的说明书，内容涉及[不良反应]、[孕妇及哺乳期妇女用药]、[药物过量]等相关内容。
2. 根据境外生产小包装和大包装怡诺思已完成的生产商名称和生产商地址的变更备案，进行境内分包装怡诺思变更备案，将生产商名称从""Pfizer Ireland Pharmaceuticals""变更为""Pfizer Ireland Pharmaceuticals Unlimited Company""，将生产商地址从""Little Connell, Newbridge, Co Kildare, Ireland""更新为""Little Connell, Newbridge, Kildare W12 HX57, IRELAND""，上述变更不涉及生产商实际主体和地址的变更。
分包装企业：晖致制药（大连）有限公司。",2025-02-07,国家药品监督管理局药品审评中心,已备案
Y国备2025000175,中文：阿立哌唑;英文/拉丁文：Aripiprazole,Y20210000511,中文名称：COHANCE LIFESCIENCES LIMITED;英文名称：COHANCE LIFESCIENCES LIMITED,"API UNIT - III, PLOT NO. - 3102 /B, GIDC, ANKLESHWAR - 393 002, DIST – BHARUCH, GUJARAT, INDIA",中文名称：COHANCE LIFESCIENCES LIMITED;英文名称：COHANCE LIFESCIENCES LIMITED,"API UNIT - III, PLOT NO. - 3102 /B, GIDC, ANKLESHWAR - 393 002, DIST – BHARUCH, GUJARAT, INDIA",颐德药业（上海）有限公司,中国（上海）自由贸易试验区华申路198号1幢四层C-22室,"将阿立哌唑上市申请批准通知书中载明的“原料药申请人”名称和“生产企业”名称从“ZCL CHEMICALS LIMITED”修改为“COHANCE LIFESCIENCES LIMITED”。实际生产地址虽然未发生变化，但为了和CoPP保持一致，修改为“API UNIT - III, PLOT NO. - 3102/B, GIDC, ANKLESHWAR - 393 002, DIST - BHARUCH, GUJARAT, INDIA”。",2025-02-09,国家药品监督管理局药品审评中心,已备案
国备2025000306,中文：注射用帕瑞昔布钠 ;英文/拉丁文：Parecoxib Sodium for Injection,国药准字HJ20171210,中文名称：Pfizer Europe MA EEIG;英文名称：Pfizer Europe MA EEIG,"Boulevard de la Plaine 17, 1050 Bruxelles, Belgium",中文名称：Pharmacia & Upjohn Company LLC;英文名称：Pharmacia & Upjohn Company LLC,"7000 Portage Road, Kalamazoo, MI-49001, USA",辉瑞投资有限公司,上海市南京西路1168号中信泰富广场36层,将本品批准文件备注项由‘本品仅供辉瑞制药有限公司分包装生产用。’变更为‘本品仅供晖致制药（大连）有限公司分包装生产用。’。,2025-03-01,国家药品监督管理局药品审评中心,已备案
国备2025000183,中文：岭南正红花油;英文/拉丁文：————,国药准字ZC20160012,中文名称：岭南药厂（香港）有限公司;英文名称：LING NAM MEDICINE FACTORY (H.K) LIMITED,新界屯门新安街18号怡华工业大厦13楼B座，19楼B座，20楼B座,中文名称：岭南药厂（香港）有限公司;英文名称：LING NAM MEDICINE FACTORY (H.K) LIMITED,新界屯门新安街18号怡华工业大厦13楼B座，19楼B座，20楼B座,广东富晖药业有限公司,广州市天河区黄埔大道西76号1902房、1903房,"1、根据《国家药监局关于药品信息化追溯体系建设的指导意见》国药监药管〔2018〕35号和关于发布《药品信息化追溯体系建设导则》《药品追溯码编码要求》两项信息化标准的公告（2019年第32号）申请对岭南正红花油的最小包装盒、中盒、外箱增加药品追溯码。
2、根据国家药监局关于发布《境外药品上市许可持有人指定境内责任人管理暂行规定》的公告信息申请对岭南正红花油修订说明书。",2025-02-13,国家药品监督管理局药品审评中心,已备案。请关注：境外持有人应当按照《国家药监局关于发布〈境外药品上市许可持有人指定境内责任人管理暂行规定〉的公告》（2024年第437号）要求，向所在地省、自治区、直辖市药品监督管理部门报告其指定的境内责任人。
国备2025000305,中文：注射用帕瑞昔布钠 ;英文/拉丁文：Parecoxib Sodium for Injection,国药准字HJ20171071 国药准字HJ20171072,中文名称：Pfizer Europe MA EEIG;英文名称：Pfizer Europe MA EEIG,"Boulevard de la Plaine 17, 1050 Bruxelles, Belgium",中文名称：Pharmacia & Upjohn Company LLC;英文名称：Pharmacia & Upjohn Company LLC,"7000 Portage Road, Kalamazoo, MI-49001, USA",辉瑞投资有限公司,上海市南京西路1168号中信泰富广场36层,"1. 将本品进口分包装产品的注册代理机构由“辉瑞制药有限公司”变更为“辉瑞投资有限公司”，注册代理机构地址由“辽宁省大连经济技术开发区大庆路22号”变更为“上海市南京西路1168号中信泰富广场36层”；
2. 变更本品进口分包装企业名称，由“辉瑞制药有限公司”变更为“晖致制药（大连）有限公司”，实际分包装厂地址未发生变更。",2025-03-01,国家药品监督管理局药品审评中心,已备案
国备2025000153,中文：布拉氏酵母菌散;英文/拉丁文：Saccharomyces boulardii Sachets,国药准字SJ20150051,中文名称：法国百科达制药厂;英文名称：BIOCODEX,"22 Rue Des Aqueducs, 94250 Gentilly, France",中文名称：法国百科达制药厂;英文名称：BIOCODEX,1 avenue Blaise Pascal 60000 Beauvais France,深圳市康哲药业有限公司,深圳市南山区南头街道大新路198号马家龙创新大厦B座6-8楼,根据国家药监局关于发布《境外药品上市许可持有人指定境内责任人管理暂行规定》的公告（2024年第137号），指定本品境内责任人为深圳市康哲药业有限公司（即本品的“境内联系人”，说明书和包装标签中的“国内联系方式”），因此将说明书和包装标签中“国内联系方式”修改为【境内责任人】。修订境内责任人后的说明书和包装标签不晚于2025年7月1日执行。,2025-02-06,国家药品监督管理局药品审评中心,已备案。请关注：境外持有人应当按照《国家药监局关于发布〈境外药品上市许可持有人指定境内责任人管理暂行规定〉的公告》（2024年第437号）要求，向所在地省、自治区、直辖市药品监督管理部门报告其指定的境内责任人。
